[3596:10568:0913/220341.838:VERBOSE1:components\enterprise\browser\controller\chrome_browser_cloud_management_controller.cc:124] DM token = empty
[3596:10568:0913/220341.838:VERBOSE1:components\enterprise\browser\controller\chrome_browser_cloud_management_controller.cc:130] Enrollment token = 
[3596:10568:0913/220341.838:VERBOSE1:components\enterprise\browser\controller\chrome_browser_cloud_management_controller.cc:131] Client ID = b2ebc217-bdc5-4aec-94f4-859d477c8ad9
[3596:10568:0913/220341.838:VERBOSE1:components\policy\core\common\policy_service_impl.cc:632] Taking initial snapshot of POLICY_DOMAIN_CHROME policies
[3596:10568:0913/220341.909:VERBOSE1:components\variations\service\variations_field_trial_creator.cc:84] VariationsSeedUsage:0
[3596:10568:0913/220341.931:VERBOSE1:components\variations\service\variations_field_trial_creator.cc:794] CreateTrialsFromSeed complete with seed.version='20260508-010040.869000'
[3596:10568:0913/220341.945:VERBOSE1:components\variations\service\variations_field_trial_creator.cc:399] VariationsSetupComplete
[3596:10568:0913/220341.972:VERBOSE1:base\allocator\scheduler_loop_quarantine_config.cc:195] No entry found for browser/global.
[3596:10568:0913/220341.972:VERBOSE1:base\allocator\scheduler_loop_quarantine_config.cc:195] No entry found for browser/*.
[3596:10568:0913/220342.066:VERBOSE1:chrome\browser\media\webrtc\webrtc_event_log_manager.cc:126] WebRTC remote-bound event logging enabled.
[3596:10568:0913/220342.072:VERBOSE1:components\proxy_config\pref_proxy_config_tracker_impl.cc:466] 0x57e40013c340: set chrome proxy config service to 0x57e4000c90e0
[3596:10568:0913/220342.117:VERBOSE1:components\device_event_log\device_event_log_impl.cc:214] [22:03:42.118] Display: EVENT: screen_win.cc:1103 Displays updated, count: 1
[3596:10568:0913/220342.118:VERBOSE1:components\device_event_log\device_event_log_impl.cc:214] [22:03:42.118] Display: EVENT: screen_win.cc:1105 Display[793409919] bounds=[0,0 1536x864], workarea=[0,0 1536x816], scale=1.25, rotation=0, panel_rotation=0 external detected
[3596:10568:0913/220342.147:VERBOSE1:components\enterprise\browser\controller\chrome_browser_cloud_management_controller.cc:213] Starting CBCM Controller Initialization
[3596:10568:0913/220342.147:INFO:components\enterprise\browser\controller\chrome_browser_cloud_management_controller.cc:241] No machine level policy manager exists.
[3596:10568:0913/220342.147:VERBOSE1:chrome\installer\util\install_util.cc:218] Existing Chrome version found: 152.0.7977.84
[3596:10568:0913/220342.151:VERBOSE1:chrome\browser\enterprise\platform_auth\platform_auth_policy_observer.cc:108] PlatformAuthProviderManager enabled: 0
[3596:10568:0913/220342.156:VERBOSE1:components\policy\core\common\cloud\user_cloud_policy_store.cc:146] [policy_type=google/chrome/user] Initiating immediate policy load from disk
[3596:10568:0913/220342.156:VERBOSE1:components\policy\core\common\cloud\user_cloud_policy_store.cc:249] [policy_type=google/chrome/user] No policy found on disk
[3596:10568:0913/220342.156:VERBOSE1:components\policy\core\common\cloud\user_cloud_policy_store.cc:146] [policy_type=google/extension-install-cloud-policy/chrome/user] Initiating immediate policy load from disk
[3596:10568:0913/220342.157:VERBOSE1:components\policy\core\common\cloud\user_cloud_policy_store.cc:249] [policy_type=google/extension-install-cloud-policy/chrome/user] No policy found on disk
[3596:10568:0913/220342.157:VERBOSE1:components\policy\core\common\policy_service_impl.cc:632] Taking initial snapshot of POLICY_DOMAIN_CHROME policies
[3596:10568:0913/220342.210:VERBOSE1:components\proxy_config\pref_proxy_config_tracker_impl.cc:466] 0x57e40013ea40: set chrome proxy config service to 0x57e4000cc920
[3596:10568:0913/220342.211:VERBOSE1:components\signin\internal\identity_manager\mutable_profile_oauth2_token_service_delegate.cc:355] MutablePO2TS::MutablePO2TS
[3596:10568:0913/220342.213:VERBOSE1:google_apis\gaia\gaia_auth_util.cc:53] Canonicalized @gmail.com to @gmail.com
[3596:10568:0913/220342.213:VERBOSE1:google_apis\gaia\gaia_auth_util.cc:53] Canonicalized @gmail.com to @gmail.com
[3596:10568:0913/220342.213:VERBOSE1:components\signin\core\browser\account_reconcilor.cc:145] AccountReconcilor::AccountReconcilor
[3596:10568:0913/220342.213:VERBOSE1:components\signin\core\browser\account_reconcilor.cc:168] AccountReconcilor::Initialize
[3596:10568:0913/220342.213:VERBOSE1:components\signin\core\browser\account_reconcilor.cc:221] AccountReconcilor::RegisterWithContentSettings
[3596:10568:0913/220342.213:VERBOSE1:components\signin\core\browser\account_reconcilor.cc:244] AccountReconcilor::RegisterWithIdentityManager
[3596:10568:0913/220342.218:VERBOSE1:components\proxy_config\pref_proxy_config_tracker_impl.cc:466] 0x57e400140100: set chrome proxy config service to 0x57e4000cd820
[3596:10568:0913/220342.219:VERBOSE1:chrome\browser\permissions\prediction_service\prediction_model_handler_provider_factory.cc:62] [PermissionsAI]: PredictionModelHandlerProviderFactory::BuildServiceInstanceForBrowserContext
[3596:10568:0913/220342.219:VERBOSE1:chrome\browser\permissions\prediction_service\prediction_model_handler_provider_factory.cc:99] [PermissionsAI]: PredictionModelHandlerProviderFactory::BuildServiceInstanceForBrowserContext PermissionsAIv4 not enabled, passage embedder not setup.
[3596:10568:0913/220342.219:VERBOSE1:chrome\browser\permissions\prediction_service\prediction_model_handler_provider.cc:55] [PermissionsAI] PredictionModelHandlerProvider ctor passage_embedder available: false
[3596:10568:0913/220342.219:VERBOSE1:chrome\browser\permissions\prediction_service\prediction_model_handler_provider.cc:58] [PermissionsAI] PredictionModelHandlerProvider ctor optimization_guide available: true
[3596:10568:0913/220342.220:VERBOSE1:components\signin\internal\identity_manager\mutable_profile_oauth2_token_service_delegate.cc:461] MutablePO2TS::RefreshTokenIsAvailable
[3596:10568:0913/220342.220:VERBOSE1:components\signin\internal\identity_manager\mutable_profile_oauth2_token_service_delegate.cc:461] MutablePO2TS::RefreshTokenIsAvailable
[3596:10568:0913/220342.222:VERBOSE1:components\signin\internal\identity_manager\mutable_profile_oauth2_token_service_delegate.cc:461] MutablePO2TS::RefreshTokenIsAvailable
[3596:10568:0913/220342.222:VERBOSE1:components\actor\core\aggregated_journal.cc:145] [ActorTool]: GlicActorPolicyChecker::ComputeActOnWebCapability: outcome=kNo reasons=kAccountCapabilityIneligible 
[3596:10568:0913/220342.222:VERBOSE1:components\signin\internal\identity_manager\mutable_profile_oauth2_token_service_delegate.cc:461] MutablePO2TS::RefreshTokenIsAvailable
[3596:10568:0913/220342.222:VERBOSE1:components\actor\core\aggregated_journal.cc:145] [ActorTool]: GlicActorPolicyChecker::ComputeActOnWebCapability: outcome=kNo reasons=kAccountCapabilityIneligible 
[3596:10568:0913/220342.222:VERBOSE1:components\signin\internal\identity_manager\mutable_profile_oauth2_token_service_delegate.cc:461] MutablePO2TS::RefreshTokenIsAvailable
[3596:10568:0913/220342.222:VERBOSE1:components\signin\internal\identity_manager\mutable_profile_oauth2_token_service_delegate.cc:461] MutablePO2TS::RefreshTokenIsAvailable
[3596:10568:0913/220342.222:VERBOSE1:components\signin\internal\identity_manager\mutable_profile_oauth2_token_service_delegate.cc:461] MutablePO2TS::RefreshTokenIsAvailable
[3596:10568:0913/220342.222:VERBOSE1:components\signin\internal\identity_manager\mutable_profile_oauth2_token_service_delegate.cc:461] MutablePO2TS::RefreshTokenIsAvailable
[3596:10568:0913/220342.222:VERBOSE1:components\signin\internal\identity_manager\mutable_profile_oauth2_token_service_delegate.cc:461] MutablePO2TS::RefreshTokenIsAvailable
[3596:10568:0913/220342.222:VERBOSE1:components\signin\internal\identity_manager\mutable_profile_oauth2_token_service_delegate.cc:461] MutablePO2TS::RefreshTokenIsAvailable
[3596:10568:0913/220342.222:VERBOSE1:components\signin\internal\identity_manager\mutable_profile_oauth2_token_service_delegate.cc:461] MutablePO2TS::RefreshTokenIsAvailable
[3596:10568:0913/220342.222:VERBOSE1:components\signin\internal\identity_manager\mutable_profile_oauth2_token_service_delegate.cc:461] MutablePO2TS::RefreshTokenIsAvailable
[3596:10568:0913/220342.222:VERBOSE1:components\signin\internal\identity_manager\mutable_profile_oauth2_token_service_delegate.cc:461] MutablePO2TS::RefreshTokenIsAvailable
[3596:10568:0913/220342.224:VERBOSE1:components\signin\internal\identity_manager\mutable_profile_oauth2_token_service_delegate.cc:461] MutablePO2TS::RefreshTokenIsAvailable
[3596:10568:0913/220342.243:VERBOSE1:extensions\browser\extension_registrar.cc:575] AddComponentExtension Chrome PDF Viewer
[3596:10568:0913/220342.243:VERBOSE1:extensions\browser\extension_registrar.cc:577] Component extension Chrome PDF Viewer (mhjfbmdgcfjbbpaeojofohoefgiehjai) installing/upgrading from '' to 1
[3596:10568:0913/220342.245:VERBOSE1:extensions\browser\extension_registrar.cc:575] AddComponentExtension Google Hangouts
[3596:10568:0913/220342.245:VERBOSE1:extensions\browser\extension_registrar.cc:577] Component extension Google Hangouts (nkeimhogjdpnpccoofpliimaahmaaome) installing/upgrading from '' to 1.3.26
[3596:10568:0913/220342.246:VERBOSE1:extensions\browser\extension_registrar.cc:575] AddComponentExtension Google Network Speech
[3596:10568:0913/220342.246:VERBOSE1:extensions\browser\extension_registrar.cc:577] Component extension Google Network Speech (fignfifoniblkonapihmkfakmlgkbkcf) installing/upgrading from '' to 1.0
[3596:10568:0913/220342.248:VERBOSE1:components\signin\internal\identity_manager\mutable_profile_oauth2_token_service_delegate.cc:461] MutablePO2TS::RefreshTokenIsAvailable
[3596:10568:0913/220342.249:VERBOSE1:components\signin\internal\identity_manager\mutable_profile_oauth2_token_service_delegate.cc:461] MutablePO2TS::RefreshTokenIsAvailable
[3596:10568:0913/220342.250:VERBOSE1:components\signin\internal\identity_manager\mutable_profile_oauth2_token_service_delegate.cc:461] MutablePO2TS::RefreshTokenIsAvailable
[3596:10568:0913/220342.261:VERBOSE1:components\component_updater\installer_policies\on_device_head_suggest_component_installer.cc:59] On Device Head Component will fetch model for locale: ENUS500000
[3596:10568:0913/220342.261:VERBOSE1:chrome\browser\component_updater\trust_token_key_commitments_component_installer.cc:22] Registering Trust Token Key Commitments component.
[3596:10568:0913/220342.261:VERBOSE1:chrome\browser\component_updater\first_party_sets_component_installer.cc:40] Registering Related Website Sets component.
[3596:10568:0913/220342.262:VERBOSE1:chrome\browser\component_updater\privacy_sandbox_attestations_component_installer.cc:181] Registering Privacy Sandbox Attestations component
[3596:10568:0913/220342.262:VERBOSE1:components\component_updater\installer_policies\actor_safety_lists_component_installer.cc:141] Registering Actor Safety Lists Component.
[3596:10568:0913/220342.262:VERBOSE1:chrome\browser\component_updater\file_type_policies_component_installer.cc:126] Registering File Type Policies component.
[3596:10568:0913/220342.262:VERBOSE1:chrome\browser\component_updater\hyphenation_component_installer.cc:148] Registering Hyphenation component.
[3596:10568:0913/220342.262:VERBOSE1:chrome\browser\component_updater\translate_kit_component_installer.cc:210] Registering TranslateKit component.
[3596:10568:0913/220342.262:VERBOSE1:chrome\browser\component_updater\wasm_tts_engine_component_installer.cc:286] Registering WASM TTS Engine component.
[3596:10568:0913/220342.262:VERBOSE1:chrome\browser\component_updater\captcha_provider_component_installer.cc:175] Registering Captcha Provider component.
[3596:10568:0913/220342.266:VERBOSE1:chrome\browser\profiles\profile_manager.cc:1405] AddKeepAlive(Default, kBrowserWindow). keep_alives=[kWaitingForFirstBrowserWindow (1), kBrowserWindow (1)]
[3596:10568:0913/220342.266:VERBOSE1:chrome\browser\profiles\profile_manager.cc:1487] ClearFirstBrowserWindowKeepAlive(Default). keep_alives=[kBrowserWindow (1)]
[3596:10568:0913/220342.267:VERBOSE1:components\signin\internal\identity_manager\mutable_profile_oauth2_token_service_delegate.cc:461] MutablePO2TS::RefreshTokenIsAvailable
[3596:10568:0913/220342.267:VERBOSE1:components\signin\internal\identity_manager\mutable_profile_oauth2_token_service_delegate.cc:461] MutablePO2TS::RefreshTokenIsAvailable
[3596:10568:0913/220342.269:VERBOSE1:components\signin\internal\identity_manager\mutable_profile_oauth2_token_service_delegate.cc:461] MutablePO2TS::RefreshTokenIsAvailable
[3596:10568:0913/220342.269:VERBOSE1:components\signin\internal\identity_manager\mutable_profile_oauth2_token_service_delegate.cc:461] MutablePO2TS::RefreshTokenIsAvailable
[3596:10568:0913/220342.269:VERBOSE1:components\signin\internal\identity_manager\mutable_profile_oauth2_token_service_delegate.cc:461] MutablePO2TS::RefreshTokenIsAvailable
[3596:10568:0913/220342.269:VERBOSE1:components\signin\internal\identity_manager\mutable_profile_oauth2_token_service_delegate.cc:461] MutablePO2TS::RefreshTokenIsAvailable
[3596:10568:0913/220342.269:VERBOSE1:components\signin\internal\identity_manager\mutable_profile_oauth2_token_service_delegate.cc:461] MutablePO2TS::RefreshTokenIsAvailable
[3596:10568:0913/220342.269:VERBOSE1:components\signin\internal\identity_manager\mutable_profile_oauth2_token_service_delegate.cc:461] MutablePO2TS::RefreshTokenIsAvailable
[3596:10568:0913/220342.269:VERBOSE1:components\signin\internal\identity_manager\mutable_profile_oauth2_token_service_delegate.cc:461] MutablePO2TS::RefreshTokenIsAvailable
[3596:10568:0913/220342.269:VERBOSE1:components\signin\internal\identity_manager\mutable_profile_oauth2_token_service_delegate.cc:461] MutablePO2TS::RefreshTokenIsAvailable
[3596:10568:0913/220342.270:VERBOSE1:components\signin\internal\identity_manager\mutable_profile_oauth2_token_service_delegate.cc:461] MutablePO2TS::RefreshTokenIsAvailable
[3596:10568:0913/220342.270:VERBOSE1:components\signin\internal\identity_manager\mutable_profile_oauth2_token_service_delegate.cc:461] MutablePO2TS::RefreshTokenIsAvailable
[3596:10568:0913/220342.270:VERBOSE1:components\signin\internal\identity_manager\mutable_profile_oauth2_token_service_delegate.cc:461] MutablePO2TS::RefreshTokenIsAvailable
[3596:10568:0913/220342.270:VERBOSE1:components\signin\internal\identity_manager\mutable_profile_oauth2_token_service_delegate.cc:461] MutablePO2TS::RefreshTokenIsAvailable
[3596:10568:0913/220342.281:VERBOSE1:components\signin\internal\identity_manager\mutable_profile_oauth2_token_service_delegate.cc:461] MutablePO2TS::RefreshTokenIsAvailable
[3596:10568:0913/220342.282:VERBOSE1:components\signin\internal\identity_manager\mutable_profile_oauth2_token_service_delegate.cc:461] MutablePO2TS::RefreshTokenIsAvailable
[3596:11972:0913/220342.285:VERBOSE1:components\component_updater\component_installer.cc:511] StartRegistration for Privacy Sandbox Attestations
[3596:11972:0913/220342.287:VERBOSE1:components\component_updater\component_installer.cc:330] Preinstalled component found for Privacy Sandbox Attestations at C:\Program Files\Google\Chrome\Application\152.0.7977.84\PrivacySandboxAttestationsPreloaded with version 2025.7.18.0.
[3596:3808:0913/220342.296:VERBOSE1:components\component_updater\component_installer.cc:511] StartRegistration for Chrome Improved Recovery
[3596:3808:0913/220342.305:VERBOSE1:components\component_updater\component_installer.cc:511] StartRegistration for Widevine Content Decryption Module
[3596:6132:0913/220342.310:VERBOSE1:components\component_updater\component_installer.cc:511] StartRegistration for Subresource Filter Rules
[3596:10368:0913/220342.319:VERBOSE1:components\component_updater\component_installer.cc:511] StartRegistration for OnDeviceHeadSuggest
[3596:6132:0913/220342.331:VERBOSE1:components\component_updater\component_installer.cc:511] StartRegistration for Optimization Hints
[3596:3808:0913/220342.335:VERBOSE1:components\component_updater\component_installer.cc:330] Preinstalled component found for Widevine Content Decryption Module at C:\Program Files\Google\Chrome\Application\152.0.7977.84\WidevineCdm with version 4.10.3050.0.
[3596:6132:0913/220342.335:VERBOSE1:components\component_updater\component_installer.cc:511] StartRegistration for Trust Token Key Commitments
[3596:3808:0913/220342.343:VERBOSE1:components\component_updater\component_installer.cc:511] StartRegistration for Actor Safety Lists
[3596:6132:0913/220342.345:VERBOSE1:components\component_updater\component_installer.cc:511] StartRegistration for Certificate Error Assistant
[3596:3808:0913/220342.347:VERBOSE1:components\component_updater\component_installer.cc:511] StartRegistration for File Type Policies
[3596:6132:0913/220342.348:VERBOSE1:components\component_updater\component_installer.cc:511] StartRegistration for CRLSet
[3596:3808:0913/220342.349:VERBOSE1:components\component_updater\component_installer.cc:511] StartRegistration for Origin Trials
[3596:16164:0913/220342.352:VERBOSE1:components\component_updater\component_installer.cc:511] StartRegistration for MEI Preload
[3596:6132:0913/220342.353:VERBOSE1:components\component_updater\component_installer.cc:511] StartRegistration for PKI Metadata
[3596:13376:0913/220342.355:VERBOSE1:components\component_updater\component_installer.cc:511] StartRegistration for Safety Tips
[3596:6132:0913/220342.355:VERBOSE1:components\component_updater\component_installer.cc:511] StartRegistration for Crowd Deny
[3596:3808:0913/220342.355:VERBOSE1:components\component_updater\component_installer.cc:511] StartRegistration for Hyphenation
[3596:16164:0913/220342.363:VERBOSE1:components\component_updater\component_installer.cc:330] Preinstalled component found for MEI Preload at C:\Program Files\Google\Chrome\Application\152.0.7977.84\MEIPreload with version 1.0.7.1652906823.
[3596:13376:0913/220342.363:VERBOSE1:components\component_updater\component_installer.cc:511] StartRegistration for Zxcvbn Data Dictionaries
[3596:17204:0913/220342.364:VERBOSE1:components\component_updater\component_installer.cc:511] StartRegistration for Amount Extraction Heuristic Regexes
[3596:17204:0913/220342.366:VERBOSE1:components\component_updater\component_installer.cc:511] StartRegistration for WASM TTS Engine
[3596:6132:0913/220342.373:VERBOSE1:components\component_updater\component_installer.cc:511] StartRegistration for Captcha Providers
[3596:17696:0913/220342.392:VERBOSE1:net\disk_cache\simple\simple_index_file.cc:625] Simple Cache Index is being restored from disk.
[3596:17696:0913/220342.394:VERBOSE1:net\disk_cache\simple\simple_index_file.cc:625] Simple Cache Index is being restored from disk.
[3596:10568:0913/220342.429:VERBOSE1:components\signin\internal\identity_manager\mutable_profile_oauth2_token_service_delegate.cc:461] MutablePO2TS::RefreshTokenIsAvailable
[7224:5000:0913/220342.434:VERBOSE1:base\allocator\scheduler_loop_quarantine_config.cc:195] No entry found for utility.net..workService/global.
[7224:5000:0913/220342.434:VERBOSE1:base\allocator\scheduler_loop_quarantine_config.cc:195] No entry found for utility.netwo..etworkService/*.
[7224:5000:0913/220342.434:VERBOSE1:base\allocator\scheduler_loop_quarantine_config.cc:195] No entry found for utility.netw..tworkService/main.
[17364:14720:0913/220342.478:VERBOSE1:base\allocator\scheduler_loop_quarantine_config.cc:195] No entry found for gpu-process/global.
[17364:14720:0913/220342.478:VERBOSE1:base\allocator\scheduler_loop_quarantine_config.cc:195] No entry found for gpu-process/*.
[17364:14720:0913/220342.478:VERBOSE1:base\allocator\scheduler_loop_quarantine_config.cc:195] No entry found for gpu-process/main.
[14944:5916:0913/220342.499:VERBOSE1:base\allocator\scheduler_loop_quarantine_config.cc:195] No entry found for utility.sto..rageService/global.
[14944:5916:0913/220342.499:VERBOSE1:base\allocator\scheduler_loop_quarantine_config.cc:195] No entry found for utility.stora..torageService/*.
[14944:5916:0913/220342.501:VERBOSE1:base\allocator\scheduler_loop_quarantine_config.cc:195] No entry found for utility.stor..orageService/main.
[3596:21592:0913/220342.512:VERBOSE1:extensions\browser\content_verifier\content_verifier.cc:944] OnFetchComplete mhjfbmdgcfjbbpaeojofohoefgiehjai success:0
[3596:21592:0913/220342.512:VERBOSE1:extensions\browser\content_verifier\content_verifier.cc:944] OnFetchComplete nkeimhogjdpnpccoofpliimaahmaaome success:0
[3596:21592:0913/220342.512:VERBOSE1:extensions\browser\content_verifier\content_verifier.cc:944] OnFetchComplete fignfifoniblkonapihmkfakmlgkbkcf success:0
[3596:15740:0913/220342.514:VERBOSE1:components\signin\public\webdata\token_service_table.cc:259] Loaded tokens: result = 3 ; number of tokens loaded = 0
[3596:10568:0913/220342.535:VERBOSE1:components\signin\internal\identity_manager\mutable_profile_oauth2_token_service_delegate.cc:461] MutablePO2TS::RefreshTokenIsAvailable
[3596:10568:0913/220342.557:VERBOSE1:components\signin\internal\identity_manager\mutable_profile_oauth2_token_service_delegate.cc:461] MutablePO2TS::RefreshTokenIsAvailable
[3596:10568:0913/220342.557:VERBOSE1:components\signin\internal\identity_manager\mutable_profile_oauth2_token_service_delegate.cc:461] MutablePO2TS::RefreshTokenIsAvailable
[3596:10568:0913/220342.580:VERBOSE1:components\signin\internal\identity_manager\mutable_profile_oauth2_token_service_delegate.cc:461] MutablePO2TS::RefreshTokenIsAvailable
[3596:10568:0913/220342.580:VERBOSE1:components\signin\internal\identity_manager\mutable_profile_oauth2_token_service_delegate.cc:461] MutablePO2TS::RefreshTokenIsAvailable
[3596:10568:0913/220342.580:VERBOSE1:components\signin\internal\identity_manager\mutable_profile_oauth2_token_service_delegate.cc:461] MutablePO2TS::RefreshTokenIsAvailable
[3596:10568:0913/220342.582:VERBOSE1:components\signin\internal\identity_manager\mutable_profile_oauth2_token_service_delegate.cc:461] MutablePO2TS::RefreshTokenIsAvailable
[3596:10568:0913/220342.592:VERBOSE1:chrome\browser\enterprise\data_protection\data_protection_navigation_observer.cc:229] enterprise.data_protection: same document navigation: 0
[3596:10568:0913/220342.592:VERBOSE1:chrome\browser\enterprise\data_protection\data_protection_navigation_observer.cc:231] enterprise.data_protection: URL to scan: http://localhost:8080/
[3596:10568:0913/220342.592:VERBOSE1:components\signin\internal\identity_manager\mutable_profile_oauth2_token_service_delegate.cc:461] MutablePO2TS::RefreshTokenIsAvailable
[3596:10568:0913/220342.608:VERBOSE1:chrome\browser\ui\views\omnibox\omnibox_popup_closer.cc:63] Closing omnibox popup with reason: kRevertAll
[3596:10568:0913/220342.623:VERBOSE1:components\device_event_log\device_event_log_impl.cc:214] [22:03:42.624] Display: EVENT: screen_win.cc:1103 Displays updated, count: 1
[3596:10568:0913/220342.623:VERBOSE1:components\device_event_log\device_event_log_impl.cc:214] [22:03:42.624] Display: EVENT: screen_win.cc:1105 Display[793409919] bounds=[0,0 1536x864], workarea=[0,0 1536x816], scale=1.25, rotation=0, panel_rotation=0 external detected
[3596:10568:0913/220342.629:VERBOSE1:components\signin\internal\identity_manager\mutable_profile_oauth2_token_service_delegate.cc:461] MutablePO2TS::RefreshTokenIsAvailable
[3596:10568:0913/220342.640:VERBOSE1:chrome\browser\ui\views\omnibox\omnibox_popup_closer.cc:63] Closing omnibox popup with reason: kBrowserWidgetMoved
[3596:10568:0913/220342.669:VERBOSE1:components\signin\internal\identity_manager\mutable_profile_oauth2_token_service_delegate.cc:461] MutablePO2TS::RefreshTokenIsAvailable
[3596:10568:0913/220342.671:VERBOSE1:chrome\browser\profiles\profile_manager.cc:1405] AddKeepAlive(Default, kExtensionUpdater). keep_alives=[kBrowserWindow (1), kExtensionUpdater (1)]
[3596:10568:0913/220342.673:VERBOSE1:components\component_updater\component_installer.cc:582] FinishRegistration for Privacy Sandbox Attestations
[3596:10568:0913/220342.673:VERBOSE1:components\component_updater\component_updater_service.cc:177] CrxUpdateService starting up. First update attempt will take place in 60 s seconds. Next update attempt will take place in 18000 s seconds. 
[3596:10568:0913/220342.673:VERBOSE1:components\component_updater\component_installer.cc:620] Component ready, version 2025.7.18.0 in C:\Program Files\Google\Chrome\Application\152.0.7977.84\PrivacySandboxAttestationsPreloaded
[3596:10568:0913/220342.673:VERBOSE1:chrome\browser\component_updater\privacy_sandbox_attestations_component_installer.cc:111] Privacy Sandbox Attestations Component ready, version 2025.7.18.0 in C:\Program Files\Google\Chrome\Application\152.0.7977.84\PrivacySandboxAttestationsPreloaded
[3596:10568:0913/220342.673:VERBOSE1:chrome\browser\component_updater\privacy_sandbox_attestations_component_installer.cc:188] Received privacy sandbox attestations file
[3596:10568:0913/220342.673:VERBOSE1:components\component_updater\component_installer.cc:582] FinishRegistration for Chrome Improved Recovery
[3596:10568:0913/220342.673:VERBOSE1:components\component_updater\component_installer.cc:582] FinishRegistration for Subresource Filter Rules
[3596:10568:0913/220342.673:VERBOSE1:components\component_updater\component_installer.cc:582] FinishRegistration for Optimization Hints
[3596:10568:0913/220342.675:VERBOSE1:components\component_updater\component_installer.cc:582] FinishRegistration for Widevine Content Decryption Module
[3596:10568:0913/220342.675:VERBOSE1:components\component_updater\component_installer.cc:620] Component ready, version 4.10.3050.0 in C:\Program Files\Google\Chrome\Application\152.0.7977.84\WidevineCdm
[3596:10568:0913/220342.675:VERBOSE1:components\component_updater\component_installer.cc:582] FinishRegistration for Trust Token Key Commitments
[3596:10568:0913/220342.675:VERBOSE1:components\component_updater\component_installer.cc:582] FinishRegistration for Actor Safety Lists
[3596:10568:0913/220342.675:VERBOSE1:components\component_updater\component_installer.cc:582] FinishRegistration for Certificate Error Assistant
[3596:10568:0913/220342.675:VERBOSE1:components\component_updater\component_installer.cc:582] FinishRegistration for File Type Policies
[3596:10568:0913/220342.675:VERBOSE1:components\component_updater\component_installer.cc:582] FinishRegistration for CRLSet
[3596:10568:0913/220342.675:VERBOSE1:components\component_updater\component_installer.cc:582] FinishRegistration for PKI Metadata
[3596:10568:0913/220342.675:VERBOSE1:components\component_updater\component_installer.cc:582] FinishRegistration for Origin Trials
[3596:10568:0913/220342.675:VERBOSE1:components\component_updater\component_installer.cc:582] FinishRegistration for Safety Tips
[3596:10568:0913/220342.675:VERBOSE1:components\component_updater\component_installer.cc:582] FinishRegistration for Amount Extraction Heuristic Regexes
[3596:10568:0913/220342.675:VERBOSE1:components\component_updater\component_installer.cc:582] FinishRegistration for Crowd Deny
[3596:10568:0913/220342.675:VERBOSE1:components\component_updater\component_installer.cc:582] FinishRegistration for WASM TTS Engine
[3596:10568:0913/220342.675:VERBOSE1:components\component_updater\component_installer.cc:582] FinishRegistration for Zxcvbn Data Dictionaries
[3596:10568:0913/220342.675:VERBOSE1:components\component_updater\component_installer.cc:582] FinishRegistration for MEI Preload
[3596:10568:0913/220342.675:VERBOSE1:components\component_updater\component_installer.cc:620] Component ready, version 1.0.7.1652906823 in C:\Program Files\Google\Chrome\Application\152.0.7977.84\MEIPreload
[3596:10568:0913/220342.677:VERBOSE1:components\component_updater\component_installer.cc:582] FinishRegistration for Captcha Providers
[3596:10568:0913/220342.677:VERBOSE1:components\component_updater\component_installer.cc:582] FinishRegistration for Hyphenation
[3596:10568:0913/220342.677:VERBOSE1:components\component_updater\component_installer.cc:582] FinishRegistration for OnDeviceHeadSuggest
[3596:10568:0913/220342.693:VERBOSE1:components\signin\internal\identity_manager\mutable_profile_oauth2_token_service_delegate.cc:660] MutablePO2TS::OnWebDataServiceRequestDone. Result type: 6
[3596:10568:0913/220342.693:VERBOSE1:components\signin\internal\identity_manager\mutable_profile_oauth2_token_service_delegate.cc:722] MutablePO2TS::LoadAllCredentialsIntoMemory; 0 credential(s).
[3596:10568:0913/220342.693:VERBOSE1:components\signin\internal\identity_manager\mutable_profile_oauth2_token_service_delegate.cc:461] MutablePO2TS::RefreshTokenIsAvailable
[3596:10568:0913/220342.693:VERBOSE1:google_apis\gaia\gaia_auth_util.cc:53] Canonicalized @gmail.com to @gmail.com
[3596:10568:0913/220342.693:VERBOSE1:google_apis\gaia\gaia_auth_util.cc:53] Canonicalized @gmail.com to @gmail.com
[3596:10568:0913/220342.694:VERBOSE1:components\signin\internal\identity_manager\mutable_profile_oauth2_token_service_delegate.cc:461] MutablePO2TS::RefreshTokenIsAvailable
[3596:10568:0913/220342.694:VERBOSE1:components\signin\internal\identity_manager\mutable_profile_oauth2_token_service_delegate.cc:461] MutablePO2TS::RefreshTokenIsAvailable
[3596:10568:0913/220342.694:VERBOSE1:components\signin\internal\identity_manager\mutable_profile_oauth2_token_service_delegate.cc:461] MutablePO2TS::RefreshTokenIsAvailable
[3596:10568:0913/220342.694:VERBOSE1:components\signin\internal\identity_manager\mutable_profile_oauth2_token_service_delegate.cc:461] MutablePO2TS::RefreshTokenIsAvailable
[3596:10568:0913/220342.694:VERBOSE1:components\signin\internal\identity_manager\mutable_profile_oauth2_token_service_delegate.cc:461] MutablePO2TS::RefreshTokenIsAvailable
[3596:10568:0913/220342.694:VERBOSE1:components\signin\internal\identity_manager\mutable_profile_oauth2_token_service_delegate.cc:461] MutablePO2TS::RefreshTokenIsAvailable
[3596:10568:0913/220342.694:VERBOSE1:components\signin\internal\identity_manager\mutable_profile_oauth2_token_service_delegate.cc:461] MutablePO2TS::RefreshTokenIsAvailable
[3596:10568:0913/220342.694:VERBOSE1:components\signin\internal\identity_manager\mutable_profile_oauth2_token_service_delegate.cc:461] MutablePO2TS::RefreshTokenIsAvailable
[3596:10568:0913/220342.694:VERBOSE1:components\signin\internal\identity_manager\mutable_profile_oauth2_token_service_delegate.cc:461] MutablePO2TS::RefreshTokenIsAvailable
[3596:10568:0913/220342.694:VERBOSE1:components\signin\internal\identity_manager\mutable_profile_oauth2_token_service_delegate.cc:461] MutablePO2TS::RefreshTokenIsAvailable
[3596:10568:0913/220342.694:VERBOSE1:components\signin\internal\identity_manager\mutable_profile_oauth2_token_service_delegate.cc:461] MutablePO2TS::RefreshTokenIsAvailable
[3596:10568:0913/220342.694:VERBOSE1:components\signin\internal\identity_manager\mutable_profile_oauth2_token_service_delegate.cc:461] MutablePO2TS::RefreshTokenIsAvailable
[3596:10568:0913/220342.694:VERBOSE1:components\signin\internal\identity_manager\mutable_profile_oauth2_token_service_delegate.cc:461] MutablePO2TS::RefreshTokenIsAvailable
[3596:10568:0913/220342.694:VERBOSE1:components\signin\internal\identity_manager\mutable_profile_oauth2_token_service_delegate.cc:461] MutablePO2TS::RefreshTokenIsAvailable
[3596:10568:0913/220342.694:VERBOSE1:components\signin\internal\identity_manager\mutable_profile_oauth2_token_service_delegate.cc:461] MutablePO2TS::RefreshTokenIsAvailable
[3596:10568:0913/220342.694:VERBOSE1:components\signin\internal\identity_manager\mutable_profile_oauth2_token_service_delegate.cc:461] MutablePO2TS::RefreshTokenIsAvailable
[3596:10568:0913/220342.694:VERBOSE1:components\signin\internal\identity_manager\mutable_profile_oauth2_token_service_delegate.cc:461] MutablePO2TS::RefreshTokenIsAvailable
[3596:10568:0913/220342.694:VERBOSE1:components\signin\internal\identity_manager\mutable_profile_oauth2_token_service_delegate.cc:461] MutablePO2TS::RefreshTokenIsAvailable
[3596:10568:0913/220342.694:VERBOSE1:components\signin\internal\identity_manager\mutable_profile_oauth2_token_service_delegate.cc:461] MutablePO2TS::RefreshTokenIsAvailable
[3596:10568:0913/220342.694:VERBOSE1:components\signin\internal\identity_manager\mutable_profile_oauth2_token_service_delegate.cc:461] MutablePO2TS::RefreshTokenIsAvailable
[3596:10568:0913/220342.694:VERBOSE1:components\signin\internal\identity_manager\mutable_profile_oauth2_token_service_delegate.cc:461] MutablePO2TS::RefreshTokenIsAvailable
[3596:10568:0913/220342.694:VERBOSE1:components\signin\internal\identity_manager\mutable_profile_oauth2_token_service_delegate.cc:461] MutablePO2TS::RefreshTokenIsAvailable
[3596:10568:0913/220342.694:VERBOSE1:components\signin\core\browser\account_reconcilor.cc:309] AccountReconcilor::OnEndBatchOfRefreshTokenStateChanges. Reconcilor state: 1
[3596:10568:0913/220342.713:VERBOSE1:components\privacy_sandbox\privacy_sandbox_attestations\privacy_sandbox_attestations.cc:480] Parsed Privacy Sandbox Attestation list version: 2025.7.18.0
[3596:10568:0913/220342.713:VERBOSE1:components\privacy_sandbox\privacy_sandbox_attestations\privacy_sandbox_attestations.cc:482] Number of attestation entries: 263
[3596:10568:0913/220342.714:VERBOSE1:chrome\browser\component_updater\widevine_cdm_component_installer.cc:94] Registering Widevine CDM 4.10.3050.0 with Chrome
[3596:10568:0913/220342.719:VERBOSE1:components\signin\internal\identity_manager\mutable_profile_oauth2_token_service_delegate.cc:461] MutablePO2TS::RefreshTokenIsAvailable
[3596:10568:0913/220342.747:VERBOSE1:chrome\browser\web_applications\locks\partitioned_lock_manager.cc:262] Acquiring <PartitionedLockId>{id: 0x31, partition: 0} for ScheduleAllFixes@chrome\browser\web_applications\generated_icon_fix_manager.cc:79
[3596:10568:0913/220342.748:VERBOSE1:chrome\browser\web_applications\locks\partitioned_lock_manager.cc:243] All locks acquired for ScheduleAllFixes@chrome\browser\web_applications\generated_icon_fix_manager.cc:79
[3596:10568:0913/220342.758:VERBOSE1:chrome\browser\web_applications\locks\partitioned_lock_manager.cc:286] Releasing <PartitionedLockId>{id: 0x31, partition: 0} requested by ScheduleAllFixes@chrome\browser\web_applications\generated_icon_fix_manager.cc:79
[3596:10568:0913/220342.758:VERBOSE1:chrome\browser\web_applications\locks\partitioned_lock_manager.cc:318] Acquiring <PartitionedLockId>{id: 0x31, partition: 0} for OnSyncBridgeReady@chrome\browser\web_applications\web_app_provider.cc:573
[3596:10568:0913/220342.758:VERBOSE1:chrome\browser\web_applications\locks\partitioned_lock_manager.cc:243] All locks acquired for OnSyncBridgeReady@chrome\browser\web_applications\web_app_provider.cc:573
[3596:10568:0913/220342.760:VERBOSE1:chrome\browser\web_applications\locks\partitioned_lock_manager.cc:286] Releasing <PartitionedLockId>{id: 0x31, partition: 0} requested by OnSyncBridgeReady@chrome\browser\web_applications\web_app_provider.cc:573
[3596:10568:0913/220342.774:VERBOSE1:chrome\browser\local_discovery\service_discovery_device_lister.cc:36] DeviceListerStart: service_type: _googlecast._tcp.local
[3596:10568:0913/220342.774:VERBOSE1:chrome\browser\local_discovery\service_discovery_device_lister.cc:42] DiscoverNewDevices: service_type: _googlecast._tcp.local
[20936:12036:0913/220342.847:VERBOSE1:base\allocator\scheduler_loop_quarantine_config.cc:195] No entry found for renderer/global.
[20936:12036:0913/220342.847:VERBOSE1:base\allocator\scheduler_loop_quarantine_config.cc:195] No entry found for renderer/*.
[20936:12036:0913/220342.849:VERBOSE1:base\allocator\scheduler_loop_quarantine_config.cc:195] No entry found for renderer/main.
[7224:21816:0913/220342.855:VERBOSE1:net\base\network_delegate.cc:38] NetworkDelegate::NotifyBeforeURLRequest: http://clients2.google.com/time/1/current?cup2key=10:Igd_qY_35wo9xchEIPWY_y_9YfltYZ4fJpJ7fAI8iMQ&cup2hreq=e3b0c44298fc1c149afbf4c8996fb92427ae41e4649b934ca495991b7852b855
[7224:10284:0913/220342.908:VERBOSE1:net\disk_cache\simple\simple_index_file.cc:625] Simple Cache Index is being restored from disk.
[20936:12036:0913/220342.915:INFO:third_party\webrtc\rtc_base\cpu_info.cc:77] Available number of cores: 4
[7224:21816:0913/220342.928:VERBOSE1:net\base\network_delegate.cc:38] NetworkDelegate::NotifyBeforeURLRequest: http://localhost:8080/
[7224:21816:0913/220342.928:VERBOSE1:net\base\network_delegate.cc:38] NetworkDelegate::NotifyBeforeURLRequest: https://clients2.google.com/service/update2/crx?os=win&arch=x64&prod=chromecrx&prodchannel=&prodversion=152.0.7977.84&lang=en-US&acceptformat=crx3,puff&x=id%3Dfheoggkfdfchfphceeifdbepaooicaho%26v%3D0.0.0.0%26installedby%3Dexternal%26uc%26ping%3Dr%253D-1%2526e%253D1&x=id%3Dnmmhkkegccagdldgiimedpiccmgmieda%26v%3D0.0.0.0%26installedby%3Dother%26uc%26ping%3Dr%253D-1%2526e%253D1
[7224:21816:0913/220342.937:VERBOSE1:net\base\network_delegate.cc:38] NetworkDelegate::NotifyBeforeURLRequest: https://www.google.com/async/folae?async=_fmt:pb&udm=50&client_locale=en-US&client_country=in
[17364:14720:0913/220342.951:ERROR:ui\gl\direct_composition_support.cc:625] AMD VideoProcessorGetOutputExtension failed: Unspecified error (0x80004005)
[17364:14720:0913/220342.953:VERBOSE1:components\viz\service\main\viz_main_impl.cc:87] VizNullHypothesis is disabled (not a warning)
[17364:4300:0913/220342.955:VERBOSE1:base\allocator\scheduler_loop_quarantine_config.cc:195] No entry found for gpu-process/viz-compositor.
[4348:1444:0913/220343.101:VERBOSE1:base\allocator\scheduler_loop_quarantine_config.cc:195] No entry found for renderer/global.
[4348:1444:0913/220343.101:VERBOSE1:base\allocator\scheduler_loop_quarantine_config.cc:195] No entry found for renderer/*.
[4348:1444:0913/220343.101:VERBOSE1:base\allocator\scheduler_loop_quarantine_config.cc:195] No entry found for renderer/main.
[4348:1444:0913/220343.136:INFO:third_party\webrtc\rtc_base\cpu_info.cc:77] Available number of cores: 4
[20872:21948:0913/220343.212:VERBOSE1:base\allocator\scheduler_loop_quarantine_config.cc:195] No entry found for renderer/global.
[20872:21948:0913/220343.212:VERBOSE1:base\allocator\scheduler_loop_quarantine_config.cc:195] No entry found for renderer/*.
[20872:21948:0913/220343.212:VERBOSE1:base\allocator\scheduler_loop_quarantine_config.cc:195] No entry found for renderer/main.
[20936:12036:0913/220343.224:VERBOSE1:extensions\renderer\script_context.cc:150] Created context:
  extension id:           (none)
  frame:                  0xdfc02031738
  URL:                    
  context_type:           WEBUI
  effective extension id: (none)
  effective context type: WEBUI
[20936:12036:0913/220343.226:VERBOSE1:extensions\renderer\script_context.cc:150] Created context:
  extension id:           (none)
  frame:                  (nil)
  URL:                    
  context_type:           UNSPECIFIED
  effective extension id: (none)
  effective context type: UNSPECIFIED
[20936:12036:0913/220343.228:VERBOSE1:extensions\renderer\dispatcher.cc:487] Num tracked contexts: 1
[7224:21816:0913/220343.238:VERBOSE1:net\proxy_resolution\configured_proxy_resolution_service.cc:1225] Failed configuring with PAC script, falling-back to manual proxy servers.
[20872:21948:0913/220343.240:INFO:third_party\webrtc\rtc_base\cpu_info.cc:77] Available number of cores: 4
[20936:12036:0913/220343.249:VERBOSE1:extensions\renderer\script_context.cc:150] Created context:
  extension id:           (none)
  frame:                  0xdfc0203dbf0
  URL:                    
  context_type:           WEBUI
  effective extension id: (none)
  effective context type: WEBUI
[20936:12036:0913/220343.249:VERBOSE1:extensions\renderer\script_context.cc:150] Created context:
  extension id:           (none)
  frame:                  (nil)
  URL:                    
  context_type:           UNSPECIFIED
  effective extension id: (none)
  effective context type: UNSPECIFIED
[20936:12036:0913/220343.249:VERBOSE1:extensions\renderer\dispatcher.cc:487] Num tracked contexts: 2
[7224:21816:0913/220343.272:VERBOSE1:net\proxy_resolution\configured_proxy_resolution_service.cc:1225] Failed configuring with PAC script, falling-back to manual proxy servers.
[7224:21816:0913/220343.334:VERBOSE1:net\base\network_delegate.cc:38] NetworkDelegate::NotifyBeforeURLRequest: https://www.gstatic.com/ohttp_gateway/hpke_public_keys/sbc_prod?key=AIzaSyA2KlwBX3mkFo30om9LUFYQhpqLoa_BNhE
[7224:21816:0913/220343.336:VERBOSE1:net\base\network_delegate.cc:38] NetworkDelegate::NotifyBeforeURLRequest: https://accounts.google.com/ListAccounts?gpsia=1&source=ChromiumBrowser&json=standard&laf=b64bin
[7224:21816:0913/220343.336:VERBOSE1:net\base\network_delegate.cc:38] NetworkDelegate::NotifyBeforeURLRequest: https://clientservices.googleapis.com/chrome-variations/seed?osname=win&channel=stable&milestone=152
[7224:21816:0913/220343.374:VERBOSE1:net\proxy_resolution\configured_proxy_resolution_service.cc:1225] Failed configuring with PAC script, falling-back to manual proxy servers.
[3596:10568:0913/220343.405:VERBOSE1:components\device_event_log\device_event_log_impl.cc:214] [22:03:43.407] Display: EVENT: screen_win.cc:1103 Displays updated, count: 1
[3596:10568:0913/220343.405:VERBOSE1:components\device_event_log\device_event_log_impl.cc:214] [22:03:43.407] Display: EVENT: screen_win.cc:1105 Display[793409919] bounds=[0,0 1536x864], workarea=[0,0 1536x816], scale=1.25, rotation=0, panel_rotation=0 external detected
[4348:1444:0913/220343.412:VERBOSE1:extensions\renderer\script_context.cc:150] Created context:
  extension id:           nkeimhogjdpnpccoofpliimaahmaaome
  frame:                  0x409c02031738
  URL:                    
  context_type:           BLESSED_EXTENSION
  effective extension id: nkeimhogjdpnpccoofpliimaahmaaome
  effective context type: BLESSED_EXTENSION
[4348:1444:0913/220343.414:VERBOSE1:extensions\renderer\script_context.cc:150] Created context:
  extension id:           (none)
  frame:                  (nil)
  URL:                    
  context_type:           UNSPECIFIED
  effective extension id: (none)
  effective context type: UNSPECIFIED
[3596:10568:0913/220343.416:VERBOSE1:components\segmentation_platform\internal\signals\signal_filter_processor.cc:61] Segmentation platform started observing Session.TotalDuration
[3596:10568:0913/220343.416:VERBOSE1:components\segmentation_platform\internal\signals\signal_filter_processor.cc:61] Segmentation platform started observing Commerce.PriceDrops.ActiveTabNavigationComplete.IsProductDetailPage
[3596:10568:0913/220343.416:VERBOSE1:components\segmentation_platform\internal\signals\signal_filter_processor.cc:54] Segmentation platform started observing Autofill_PolledCreditCardSuggestions
[3596:10568:0913/220343.416:VERBOSE1:components\segmentation_platform\internal\signals\signal_filter_processor.cc:61] Segmentation platform started observing IOS.ParcelTracking.Tracked.AutoTrack
[3596:10568:0913/220343.416:VERBOSE1:components\segmentation_platform\internal\signals\signal_filter_processor.cc:61] Segmentation platform started observing Omnibox.SuggestionUsed.ClientSummarizedResultType
[3596:10568:0913/220343.416:VERBOSE1:components\segmentation_platform\internal\signals\signal_filter_processor.cc:54] Segmentation platform started observing MetadataWriter
[3596:10568:0913/220343.416:VERBOSE1:components\segmentation_platform\internal\signals\signal_filter_processor.cc:61] Segmentation platform started observing Sync.DeviceCount2
[3596:10568:0913/220343.416:VERBOSE1:components\segmentation_platform\internal\signals\signal_filter_processor.cc:61] Segmentation platform started observing Sync.DeviceCount2.Phone
[3596:10568:0913/220343.416:VERBOSE1:components\segmentation_platform\internal\signals\signal_filter_processor.cc:61] Segmentation platform started observing Sync.DeviceCount2.Desktop
[3596:10568:0913/220343.416:VERBOSE1:components\segmentation_platform\internal\signals\signal_filter_processor.cc:61] Segmentation platform started observing Sync.DeviceCount2.Tablet
[3596:10568:0913/220343.416:VERBOSE1:components\segmentation_platform\internal\signals\signal_filter_processor.cc:54] Segmentation platform started observing MobileBookmarkManagerOpen
[3596:10568:0913/220343.416:VERBOSE1:components\segmentation_platform\internal\signals\signal_filter_processor.cc:54] Segmentation platform started observing NewTabPage.MostVisited.Clicked
[3596:10568:0913/220343.416:VERBOSE1:components\segmentation_platform\internal\signals\signal_filter_processor.cc:54] Segmentation platform started observing TabGroup.Created.OpenInNewTab
[3596:10568:0913/220343.416:VERBOSE1:components\segmentation_platform\internal\signals\signal_filter_processor.cc:54] Segmentation platform started observing Android.HistoryPage.OpenItem
[3596:10568:0913/220343.416:VERBOSE1:components\segmentation_platform\internal\signals\signal_filter_processor.cc:54] Segmentation platform started observing MobileMenuRecentTabs
[3596:10568:0913/220343.416:VERBOSE1:components\segmentation_platform\internal\signals\signal_filter_processor.cc:61] Segmentation platform started observing PasswordManager.ManagePasswordsReferrer
[3596:10568:0913/220343.416:VERBOSE1:components\segmentation_platform\internal\signals\signal_filter_processor.cc:61] Segmentation platform started observing PasswordManager.ProfileStore.TotalAccountsHiRes3.WithScheme.Https
[3596:10568:0913/220343.416:VERBOSE1:components\segmentation_platform\internal\signals\signal_filter_processor.cc:61] Segmentation platform started observing PasswordManager.FillingAssistance
[3596:10568:0913/220343.416:VERBOSE1:components\segmentation_platform\internal\signals\signal_filter_processor.cc:61] Segmentation platform started observing PasswordManager.SavedPasswordIsGenerated
[3596:10568:0913/220343.416:VERBOSE1:components\segmentation_platform\internal\signals\signal_filter_processor.cc:61] Segmentation platform started observing PasswordManager.SaveUIDismissalReason
[3596:10568:0913/220343.416:VERBOSE1:components\segmentation_platform\internal\signals\signal_filter_processor.cc:61] Segmentation platform started observing PasswordManager.SaveUIDismissalReason
[3596:10568:0913/220343.416:VERBOSE1:components\segmentation_platform\internal\signals\signal_filter_processor.cc:61] Segmentation platform started observing IOS.CredentialExtension.IsEnabled.Startup
[3596:10568:0913/220343.416:VERBOSE1:components\segmentation_platform\internal\signals\signal_filter_processor.cc:61] Segmentation platform started observing Session.TotalDuration
[4348:1444:0913/220343.416:VERBOSE1:extensions\renderer\dispatcher.cc:487] Num tracked contexts: 1
[20936:12036:0913/220343.567:VERBOSE1:third_party\blink\renderer\core\script\modulator_impl_base.cc:142] "Import Map: \"chrome://resources/js/load_time_data.js\" skips prefix match because of non-special URL scheme"
[20936:12036:0913/220343.567:VERBOSE1:third_party\blink\renderer\core\script\modulator_impl_base.cc:142] "Import Map: \"chrome://resources/lit/v3_0/lit.rollup.js\" skips prefix match because of non-special URL scheme"
[20936:12036:0913/220343.567:VERBOSE1:third_party\blink\renderer\core\script\modulator_impl_base.cc:142] "Import Map: \"chrome://resources/mojo/mojo/public/js/bindings.js\" skips prefix match because of non-special URL scheme"
[20936:12036:0913/220343.567:VERBOSE1:third_party\blink\renderer\core\script\modulator_impl_base.cc:142] "Import Map: \"chrome://resources/js/cr.js\" skips prefix match because of non-special URL scheme"
[20936:12036:0913/220343.567:VERBOSE1:third_party\blink\renderer\core\script\modulator_impl_base.cc:142] "Import Map: \"chrome://resources/mojo/mojo/public/mojom/base/string16.mojom-webui.js\" skips prefix match because of non-special URL scheme"
[20936:12036:0913/220343.567:VERBOSE1:third_party\blink\renderer\core\script\modulator_impl_base.cc:142] "Import Map: \"chrome://resources/mojo/mojo/public/mojom/base/time.mojom-webui.js\" skips prefix match because of non-special URL scheme"
[20936:12036:0913/220343.567:VERBOSE1:third_party\blink\renderer\core\script\modulator_impl_base.cc:142] "Import Map: \"chrome://resources/mojo/url/mojom/url.mojom-webui.js\" skips prefix match because of non-special URL scheme"
[20936:12036:0913/220343.568:VERBOSE1:third_party\blink\renderer\core\script\modulator_impl_base.cc:142] "Import Map: \"chrome://omnibox-popup.top-chrome/strings.m.js\" skips prefix match because of non-special URL scheme"
[20936:12036:0913/220343.568:VERBOSE1:third_party\blink\renderer\core\script\modulator_impl_base.cc:142] "Import Map: \"chrome://resources/cr_components/color_change_listener/color_change_listener.mojom-webui.js\" skips prefix match because of non-special URL scheme"
[20936:12036:0913/220343.568:VERBOSE1:third_party\blink\renderer\core\script\modulator_impl_base.cc:142] "Import Map: \"chrome://resources/js/load_time_data.js\" skips prefix match because of non-special URL scheme"
[20936:12036:0913/220343.570:VERBOSE1:third_party\blink\renderer\core\script\modulator_impl_base.cc:142] "Import Map: \"chrome://resources/lit/v3_0/lit.rollup.js\" skips prefix match because of non-special URL scheme"
[20936:12036:0913/220343.570:VERBOSE1:third_party\blink\renderer\core\script\modulator_impl_base.cc:142] "Import Map: \"chrome://resources/mojo/mojo/public/js/bindings.js\" skips prefix match because of non-special URL scheme"
[20936:12036:0913/220343.570:VERBOSE1:third_party\blink\renderer\core\script\modulator_impl_base.cc:142] "Import Map: \"chrome://resources/js/cr.js\" skips prefix match because of non-special URL scheme"
[20936:12036:0913/220343.570:VERBOSE1:third_party\blink\renderer\core\script\modulator_impl_base.cc:142] "Import Map: \"chrome://resources/mojo/mojo/public/mojom/base/string16.mojom-webui.js\" skips prefix match because of non-special URL scheme"
[20936:12036:0913/220343.570:VERBOSE1:third_party\blink\renderer\core\script\modulator_impl_base.cc:142] "Import Map: \"chrome://resources/mojo/mojo/public/mojom/base/time.mojom-webui.js\" skips prefix match because of non-special URL scheme"
[20936:12036:0913/220343.570:VERBOSE1:third_party\blink\renderer\core\script\modulator_impl_base.cc:142] "Import Map: \"chrome://resources/mojo/url/mojom/url.mojom-webui.js\" skips prefix match because of non-special URL scheme"
[20936:12036:0913/220343.570:VERBOSE1:third_party\blink\renderer\core\script\modulator_impl_base.cc:142] "Import Map: \"chrome://omnibox-popup.top-chrome/strings.m.js\" skips prefix match because of non-special URL scheme"
[20936:12036:0913/220343.570:VERBOSE1:third_party\blink\renderer\core\script\modulator_impl_base.cc:142] "Import Map: \"chrome://resources/cr_components/color_change_listener/color_change_listener.mojom-webui.js\" skips prefix match because of non-special URL scheme"
[20936:12036:0913/220343.586:VERBOSE1:third_party\blink\renderer\core\script\modulator_impl_base.cc:142] "Import Map: \"chrome://resources/js/load_time_data.js\" skips prefix match because of non-special URL scheme"
[20936:12036:0913/220343.594:VERBOSE1:third_party\blink\renderer\core\script\modulator_impl_base.cc:142] "Import Map: \"chrome://resources/js/assert.js\" skips prefix match because of non-special URL scheme"
[20936:12036:0913/220343.595:VERBOSE1:third_party\blink\renderer\core\script\modulator_impl_base.cc:142] "Import Map: \"chrome://resources/mojo/mojo/public/js/bindings.js\" skips prefix match because of non-special URL scheme"
[20936:12036:0913/220343.595:VERBOSE1:third_party\blink\renderer\core\script\modulator_impl_base.cc:142] "Import Map: \"chrome://resources/mojo/mojo/public/mojom/base/big_buffer.mojom-webui.js\" skips prefix match because of non-special URL scheme"
[20936:12036:0913/220343.595:VERBOSE1:third_party\blink\renderer\core\script\modulator_impl_base.cc:142] "Import Map: \"chrome://resources/mojo/mojo/public/mojom/base/string16.mojom-converters.js\" skips prefix match because of non-special URL scheme"
[20936:12036:0913/220343.595:VERBOSE1:third_party\blink\renderer\core\script\modulator_impl_base.cc:142] "Import Map: \"chrome://resources/mojo/mojo/public/mojom/base/string16_converter.js\" skips prefix match because of non-special URL scheme"
[20936:12036:0913/220343.595:VERBOSE1:third_party\blink\renderer\core\script\modulator_impl_base.cc:142] "Import Map: \"chrome://resources/js/assert.js\" skips prefix match because of non-special URL scheme"
[20936:12036:0913/220343.595:VERBOSE1:third_party\blink\renderer\core\script\modulator_impl_base.cc:142] "Import Map: \"chrome://resources/js/assert.js\" skips prefix match because of non-special URL scheme"
[20936:12036:0913/220343.595:VERBOSE1:third_party\blink\renderer\core\script\modulator_impl_base.cc:142] "Import Map: \"chrome://resources/js/promise_resolver.js\" skips prefix match because of non-special URL scheme"
[20936:12036:0913/220343.595:VERBOSE1:third_party\blink\renderer\core\script\modulator_impl_base.cc:142] "Import Map: \"chrome://resources/mojo/mojo/public/js/bindings.js\" skips prefix match because of non-special URL scheme"
[20936:12036:0913/220343.595:VERBOSE1:third_party\blink\renderer\core\script\modulator_impl_base.cc:142] "Import Map: \"chrome://resources/mojo/mojo/public/mojom/base/time.mojom-converters.js\" skips prefix match because of non-special URL scheme"
[20936:12036:0913/220343.595:VERBOSE1:third_party\blink\renderer\core\script\modulator_impl_base.cc:142] "Import Map: \"chrome://resources/mojo/mojo/public/mojom/base/time_converters.js\" skips prefix match because of non-special URL scheme"
[20936:12036:0913/220343.596:VERBOSE1:third_party\blink\renderer\core\script\modulator_impl_base.cc:142] "Import Map: \"chrome://resources/mojo/mojo/public/js/bindings.js\" skips prefix match because of non-special URL scheme"
[20936:12036:0913/220343.596:VERBOSE1:third_party\blink\renderer\core\script\modulator_impl_base.cc:142] "Import Map: \"chrome://resources/mojo/url/mojom/url.mojom-converters.js\" skips prefix match because of non-special URL scheme"
[20936:12036:0913/220343.596:VERBOSE1:third_party\blink\renderer\core\script\modulator_impl_base.cc:142] "Import Map: \"chrome://resources/mojo/url/mojom/url_converter.js\" skips prefix match because of non-special URL scheme"
[20936:12036:0913/220343.596:VERBOSE1:third_party\blink\renderer\core\script\modulator_impl_base.cc:142] "Import Map: \"chrome://resources/mojo/mojo/public/js/bindings.js\" skips prefix match because of non-special URL scheme"
[20936:12036:0913/220343.596:VERBOSE1:third_party\blink\renderer\core\script\modulator_impl_base.cc:142] "Import Map: \"chrome://resources/js/assert.js\" skips prefix match because of non-special URL scheme"
[20936:12036:0913/220343.596:VERBOSE1:third_party\blink\renderer\core\script\modulator_impl_base.cc:142] "Import Map: \"chrome://resources/js/promise_resolver.js\" skips prefix match because of non-special URL scheme"
[20936:12036:0913/220343.596:VERBOSE1:third_party\blink\renderer\core\script\modulator_impl_base.cc:142] "Import Map: \"chrome://resources/mojo/mojo/public/js/bindings.js\" skips prefix match because of non-special URL scheme"
[20936:12036:0913/220343.596:VERBOSE1:third_party\blink\renderer\core\script\modulator_impl_base.cc:142] "Import Map: \"chrome://resources/mojo/url/mojom/url.mojom-converters.js\" skips prefix match because of non-special URL scheme"
[20936:12036:0913/220343.596:VERBOSE1:third_party\blink\renderer\core\script\modulator_impl_base.cc:142] "Import Map: \"chrome://resources/mojo/url/mojom/url_converter.js\" skips prefix match because of non-special URL scheme"
[20936:12036:0913/220343.597:VERBOSE1:third_party\blink\renderer\core\script\modulator_impl_base.cc:142] "Import Map: \"chrome://resources/mojo/mojo/public/js/bindings.js\" skips prefix match because of non-special URL scheme"
[20936:12036:0913/220343.597:VERBOSE1:third_party\blink\renderer\core\script\modulator_impl_base.cc:142] "Import Map: \"chrome://resources/mojo/mojo/public/mojom/base/big_buffer.mojom-webui.js\" skips prefix match because of non-special URL scheme"
[20936:12036:0913/220343.597:VERBOSE1:third_party\blink\renderer\core\script\modulator_impl_base.cc:142] "Import Map: \"chrome://resources/mojo/mojo/public/mojom/base/string16.mojom-converters.js\" skips prefix match because of non-special URL scheme"
[20936:12036:0913/220343.597:VERBOSE1:third_party\blink\renderer\core\script\modulator_impl_base.cc:142] "Import Map: \"chrome://resources/mojo/mojo/public/mojom/base/string16_converter.js\" skips prefix match because of non-special URL scheme"
[20936:12036:0913/220343.597:VERBOSE1:third_party\blink\renderer\core\script\modulator_impl_base.cc:142] "Import Map: \"chrome://resources/mojo/mojo/public/js/bindings.js\" skips prefix match because of non-special URL scheme"
[20936:12036:0913/220343.597:VERBOSE1:third_party\blink\renderer\core\script\modulator_impl_base.cc:142] "Import Map: \"chrome://resources/mojo/mojo/public/mojom/base/time.mojom-converters.js\" skips prefix match because of non-special URL scheme"
[20936:12036:0913/220343.597:VERBOSE1:third_party\blink\renderer\core\script\modulator_impl_base.cc:142] "Import Map: \"chrome://resources/mojo/mojo/public/mojom/base/time_converters.js\" skips prefix match because of non-special URL scheme"
[20936:12036:0913/220343.597:VERBOSE1:third_party\blink\renderer\core\script\modulator_impl_base.cc:142] "Import Map: \"chrome://resources/js/load_time_data.js\" skips prefix match because of non-special URL scheme"
[20936:12036:0913/220343.597:VERBOSE1:third_party\blink\renderer\core\script\modulator_impl_base.cc:142] "Import Map: \"chrome://resources/mojo/mojo/public/js/bindings.js\" skips prefix match because of non-special URL scheme"
[20936:12036:0913/220343.610:VERBOSE1:third_party\blink\renderer\core\script\modulator_impl_base.cc:142] "Import Map: \"chrome://resources/mojo/mojo/public/js/bindings.js\" skips prefix match because of non-special URL scheme"
[20936:12036:0913/220343.610:VERBOSE1:third_party\blink\renderer\core\script\modulator_impl_base.cc:142] "Import Map: \"chrome://resources/mojo/mojo/public/js/bindings.js\" skips prefix match because of non-special URL scheme"
[20936:12036:0913/220343.612:VERBOSE1:third_party\blink\renderer\core\script\modulator_impl_base.cc:142] "Import Map: \"chrome://resources/mojo/mojo/public/js/bindings.js\" skips prefix match because of non-special URL scheme"
[20936:12036:0913/220343.613:VERBOSE1:third_party\blink\renderer\core\script\modulator_impl_base.cc:142] "Import Map: \"chrome://resources/mojo/mojo/public/js/bindings.js\" skips prefix match because of non-special URL scheme"
[20936:12036:0913/220343.613:VERBOSE1:third_party\blink\renderer\core\script\modulator_impl_base.cc:142] "Import Map: \"chrome://resources/mojo/mojo/public/js/bindings.js\" skips prefix match because of non-special URL scheme"
[20936:12036:0913/220343.614:VERBOSE1:third_party\blink\renderer\core\script\modulator_impl_base.cc:142] "Import Map: \"chrome://resources/mojo/mojo/public/js/bindings.js\" skips prefix match because of non-special URL scheme"
[20936:12036:0913/220343.614:VERBOSE1:third_party\blink\renderer\core\script\modulator_impl_base.cc:142] "Import Map: \"chrome://resources/mojo/mojo/public/js/bindings.js\" skips prefix match because of non-special URL scheme"
[3596:10568:0913/220343.631:VERBOSE1:components\segmentation_platform\internal\selection\segment_result_provider.cc:136] GetSegmentResult: segment=OPTIMIZATION_TARGET_SEGMENTATION_DEVICE_SWITCHER ignoring DB score, executing model.
[3596:10568:0913/220343.632:VERBOSE1:components\segmentation_platform\internal\selection\segment_result_provider.cc:277] ExecuteModelAndGetScore: segment=OPTIMIZATION_TARGET_SEGMENTATION_DEVICE_SWITCHER server segment info not available
[3596:10568:0913/220343.632:VERBOSE1:components\segmentation_platform\internal\selection\segment_result_provider.cc:210] OnGotModelScore: segment=OPTIMIZATION_TARGET_SEGMENTATION_DEVICE_SWITCHER failed to get database model score, trying default model.
[3596:22004:0913/220343.634:VERBOSE1:net\disk_cache\simple\simple_index_file.cc:625] Simple Cache Index is being restored from disk.
[20936:12036:0913/220343.833:VERBOSE1:third_party\blink\renderer\core\script\modulator_impl_base.cc:142] "Import Map: \"chrome://resources/mojo/mojo/public/js/bindings.js\" skips prefix match because of non-special URL scheme"
[20872:21948:0913/220344.011:VERBOSE1:extensions\renderer\script_context.cc:150] Created context:
  extension id:           (none)
  frame:                  0x56c02031738
  URL:                    
  context_type:           WEB_PAGE
  effective extension id: (none)
  effective context type: WEB_PAGE
[20872:21948:0913/220344.013:VERBOSE1:extensions\renderer\script_context.cc:150] Created context:
  extension id:           (none)
  frame:                  (nil)
  URL:                    
  context_type:           UNSPECIFIED
  effective extension id: (none)
  effective context type: UNSPECIFIED
[20872:21948:0913/220344.013:VERBOSE1:extensions\renderer\dispatcher.cc:487] Num tracked contexts: 1
[7224:21816:0913/220344.118:VERBOSE1:net\base\network_delegate.cc:38] NetworkDelegate::NotifyBeforeURLRequest: https://cdn.tailwindcss.com/
[7224:21816:0913/220344.120:VERBOSE1:net\base\network_delegate.cc:38] NetworkDelegate::NotifyBeforeURLRequest: https://cdn.jsdelivr.net/npm/alpinejs@3.x.x/dist/cdn.min.js
[7224:21816:0913/220344.122:VERBOSE1:net\base\network_delegate.cc:38] NetworkDelegate::NotifyBeforeURLRequest: https://fonts.googleapis.com/css2?family=PT+Sans:ital,wght@0,400;0,700;1,400&family=DM+Sans:opsz,wght@9..40,300;9..40,400;9..40,500;9..40,600;9..40,700&display=swap
[7224:21816:0913/220344.184:VERBOSE1:net\base\network_delegate.cc:38] NetworkDelegate::NotifyBeforeURLRequest: http://localhost:8080/asset/me.png
[7224:21816:0913/220344.282:VERBOSE1:net\third_party\quiche\src\quiche\quic\core\tls_handshaker.cc:109] TlsClient: Continuing handshake
[3596:10568:0913/220344.329:VERBOSE1:components\signin\core\browser\account_reconcilor.cc:550] AccountReconcilor::OnAccountsInCookieUpdated: CookieJar 0 accounts, Reconcilor's state is 1, Error was 
[3596:10568:0913/220344.329:VERBOSE1:components\signin\core\browser\account_reconcilor.cc:644] AccountReconcilor::LoadValidAccountsFromTokenService: Chrome 0 accounts
[3596:10568:0913/220344.329:VERBOSE1:components\signin\core\browser\account_reconcilor.cc:786] AccountReconcilor::CalculateIfMultiloginReconcileIsDone: Error was 
[3596:10568:0913/220344.329:VERBOSE1:components\signin\core\browser\account_reconcilor.cc:680] AccountReconcilor::StartReconcileIfChromeAccountsChanged
[3596:10568:0913/220344.333:VERBOSE1:components\signin\core\browser\account_reconcilor.cc:550] AccountReconcilor::OnAccountsInCookieUpdated: CookieJar 0 accounts, Reconcilor's state is 1, Error was 
[3596:10568:0913/220344.333:VERBOSE1:components\signin\core\browser\account_reconcilor.cc:644] AccountReconcilor::LoadValidAccountsFromTokenService: Chrome 0 accounts
[3596:10568:0913/220344.333:VERBOSE1:components\signin\core\browser\account_reconcilor.cc:786] AccountReconcilor::CalculateIfMultiloginReconcileIsDone: Error was 
[3596:10568:0913/220344.333:VERBOSE1:components\signin\core\browser\account_reconcilor.cc:680] AccountReconcilor::StartReconcileIfChromeAccountsChanged
[7224:21816:0913/220344.376:VERBOSE1:net\third_party\quiche\src\quiche\quic\core\tls_handshaker.cc:109] TlsClient: Continuing handshake
[7224:21816:0913/220344.376:VERBOSE1:net\third_party\quiche\src\quiche\quic\core\tls_handshaker.cc:109] TlsClient: Continuing handshake
[7224:21816:0913/220344.378:VERBOSE1:net\third_party\quiche\src\quiche\quic\core\tls_handshaker.cc:109] TlsClient: Continuing handshake
[7224:21816:0913/220344.378:VERBOSE1:net\third_party\quiche\src\quiche\quic\core\tls_handshaker.cc:109] TlsClient: Continuing handshake
[7224:21816:0913/220344.380:VERBOSE1:net\third_party\quiche\src\quiche\quic\core\tls_handshaker.cc:109] TlsClient: Continuing handshake
[7224:21816:0913/220344.438:VERBOSE1:components\domain_reliability\scheduler.cc:184] Scheduling upload for between 60 and 300 seconds from now.
[7224:21816:0913/220344.438:VERBOSE1:net\base\network_delegate.cc:38] NetworkDelegate::NotifyBeforeURLRequest: https://www.google.com/async/folae?async=_fmt:pb&udm=50&client_locale=en-US&client_country=in
[12800:11072:0913/220344.586:VERBOSE1:base\allocator\scheduler_loop_quarantine_config.cc:195] No entry found for renderer/global.
[12800:11072:0913/220344.586:VERBOSE1:base\allocator\scheduler_loop_quarantine_config.cc:195] No entry found for renderer/*.
[12800:11072:0913/220344.588:VERBOSE1:base\allocator\scheduler_loop_quarantine_config.cc:195] No entry found for renderer/main.
[12800:11072:0913/220344.602:INFO:third_party\webrtc\rtc_base\cpu_info.cc:77] Available number of cores: 4
[14428:12976:0913/220344.690:VERBOSE1:base\allocator\scheduler_loop_quarantine_config.cc:195] No entry found for utility.dat..oderService/global.
[14428:12976:0913/220344.690:VERBOSE1:base\allocator\scheduler_loop_quarantine_config.cc:195] No entry found for utility.data_..ecoderService/*.
[14428:12976:0913/220344.690:VERBOSE1:base\allocator\scheduler_loop_quarantine_config.cc:195] No entry found for utility.data..coderService/main.
[7224:21816:0913/220344.777:VERBOSE1:net\base\network_delegate.cc:38] NetworkDelegate::NotifyBeforeURLRequest: https://clients2.googleusercontent.com/crx/blobs/Abe5cL4g5puoyrJLXb2GpUQJLc4qXx4FwWpjkfbkZ_koNd3IkQjv5R0ZQdul8s9XqS8n2AzuzT7jbqvPE2FXt5Grg5VSKUe8A7FXsDbFObcpiZVvWJm7f3nZFBw68cQs7xkNAMZSmuUFGlq3eFdaIu6D0gznJUexiH7DPA/FHEOGGKFDFCHFPHCEEIFDBEPAOOICAHO_8_1_0_9909.crx
[12800:15272:0913/220344.864:VERBOSE1:extensions\renderer\script_context.cc:150] Created context:
  extension id:           fignfifoniblkonapihmkfakmlgkbkcf
  frame:                  (nil)
  URL:                    
  context_type:           BLESSED_EXTENSION
  effective extension id: fignfifoniblkonapihmkfakmlgkbkcf
  effective context type: BLESSED_EXTENSION
[12800:15272:0913/220344.869:VERBOSE1:extensions\renderer\script_context.cc:150] Created context:
  extension id:           (none)
  frame:                  (nil)
  URL:                    
  context_type:           UNSPECIFIED
  effective extension id: (none)
  effective context type: UNSPECIFIED
[7224:21816:0913/220344.980:VERBOSE1:net\base\network_delegate.cc:38] NetworkDelegate::NotifyBeforeURLRequest: https://cdn.tailwindcss.com/3.4.17
[7224:21816:0913/220344.982:VERBOSE1:net\third_party\quiche\src\quiche\quic\core\tls_handshaker.cc:109] TlsClient: Continuing handshake
[7224:21816:0913/220344.986:VERBOSE1:net\third_party\quiche\src\quiche\quic\core\tls_handshaker.cc:109] TlsClient: Continuing handshake
[7224:21816:0913/220344.988:VERBOSE1:net\third_party\quiche\src\quiche\quic\core\tls_handshaker.cc:130] TlsClient: SSL_do_handshake returned when entering early data. After retry, rv=-1, SSL_in_early_data=1
[7224:21816:0913/220345.210:VERBOSE1:net\third_party\quiche\src\quiche\quic\core\tls_handshaker.cc:109] TlsClient: Continuing handshake
[7224:21816:0913/220345.210:VERBOSE1:net\third_party\quiche\src\quiche\quic\core\tls_handshaker.cc:109] TlsClient: Continuing handshake
[3596:21592:0913/220345.332:VERBOSE1:base\allocator\scheduler_loop_quarantine_config.cc:195] No entry found for browser/io.
[3596:10568:0913/220345.334:VERBOSE1:components\enterprise\browser\reporting\saas_usage\saas_usage_report_scheduler.cc:108] Scheduling next browser SaaS usage report at 1601-01-01 04:00:00.000000 UTC
[3596:10568:0913/220345.335:VERBOSE1:components\enterprise\browser\reporting\saas_usage\saas_usage_report_scheduler.cc:74] No domain metrics aggregated - skipping browser report upload.
[3596:10568:0913/220345.335:VERBOSE1:components\enterprise\browser\reporting\saas_usage\saas_usage_report_scheduler.cc:108] Scheduling next browser SaaS usage report at 2026-09-13 20:33:45.335327 UTC
[3596:10568:0913/220345.337:VERBOSE1:chrome\browser\web_applications\locks\partitioned_lock_manager.cc:262] Acquiring <PartitionedLockId>{id: 0x31, partition: 0} for SynchronizeInstalledApps@chrome\browser\web_applications\externally_managed_app_manager.cc:186
[3596:10568:0913/220345.337:VERBOSE1:chrome\browser\web_applications\locks\partitioned_lock_manager.cc:243] All locks acquired for SynchronizeInstalledApps@chrome\browser\web_applications\externally_managed_app_manager.cc:186
[3596:10568:0913/220345.337:VERBOSE1:chrome\browser\web_applications\locks\partitioned_lock_manager.cc:286] Releasing <PartitionedLockId>{id: 0x31, partition: 0} requested by SynchronizeInstalledApps@chrome\browser\web_applications\externally_managed_app_manager.cc:186
[3596:10568:0913/220345.371:VERBOSE1:components\device_event_log\device_event_log_impl.cc:214] [22:03:45.372] USB: DEBUG: usb_device_handle_win.cc:1096 Failed to read descriptor from node connection: A device attached to the system is not functioning. (0x1F)
[3596:10568:0913/220345.373:VERBOSE1:components\device_event_log\device_event_log_impl.cc:214] [22:03:45.374] USB: USER: usb_service_win.cc:765 USB device added: path=\\?\usb#vid_0bda&pid_c829#00e04c000001#{a5dcbf10-6530-11d2-901f-00c04fb951ed} vendor=3034 "", product=51241 "", serial="00e04c000001", driver="BTHUSB", guid=091986ca-364c-4f43-b127-78d54db7f836
[3596:10568:0913/220345.373:VERBOSE1:components\device_event_log\device_event_log_impl.cc:214] [22:03:45.374] USB: DEBUG: usb_device_handle_win.cc:1096 Failed to read descriptor from node connection: A device attached to the system is not functioning. (0x1F)
[3596:10568:0913/220345.373:VERBOSE1:components\device_event_log\device_event_log_impl.cc:214] [22:03:45.374] USB: USER: usb_service_win.cc:765 USB device added: path=\\?\usb#vid_0c45&pid_6730#6&20091b26&0&6#{a5dcbf10-6530-11d2-901f-00c04fb951ed} vendor=3141 "", product=26416 "", serial="", driver="usbccgp", guid=cdf051a0-d346-488c-aff4-a91e52a595dc
[3596:10568:0913/220345.379:VERBOSE1:components\device_event_log\device_event_log_impl.cc:214] [22:03:45.379] USB: USER: usb_service_win.cc:765 USB device added: path=\\?\usb#vid_1a2c&pid_0e24#6&20091b26&0&4#{a5dcbf10-6530-11d2-901f-00c04fb951ed} vendor=6700 "SEM", product=3620 "USB Keyboard", serial="", driver="usbccgp", guid=54a9edc5-5e92-495b-9f6a-8831e8dc2b8c
[3596:10568:0913/220345.622:INFO:CONSOLE:64] "cdn.tailwindcss.com should not be used in production. To use Tailwind CSS in production, install it as a PostCSS plugin or use the Tailwind CLI: https://tailwindcss.com/docs/installation", source: https://cdn.tailwindcss.com/ (64)
[7224:21816:0913/220345.630:VERBOSE1:net\third_party\quiche\src\quiche\quic\core\tls_handshaker.cc:109] TlsClient: Continuing handshake
[7224:21816:0913/220345.870:VERBOSE1:net\third_party\quiche\src\quiche\quic\core\tls_handshaker.cc:109] TlsClient: Continuing handshake
[7224:21816:0913/220345.870:VERBOSE1:net\third_party\quiche\src\quiche\quic\core\tls_handshaker.cc:109] TlsClient: Continuing handshake
[7224:21816:0913/220345.871:VERBOSE1:net\third_party\quiche\src\quiche\quic\core\tls_handshaker.cc:109] TlsClient: Continuing handshake
[7224:21816:0913/220345.871:VERBOSE1:net\third_party\quiche\src\quiche\quic\core\tls_handshaker.cc:109] TlsClient: Continuing handshake
[7224:21816:0913/220345.874:VERBOSE1:net\third_party\quiche\src\quiche\quic\core\tls_handshaker.cc:109] TlsClient: Continuing handshake
[7224:21816:0913/220345.985:VERBOSE1:net\base\network_delegate.cc:38] NetworkDelegate::NotifyBeforeURLRequest: https://fonts.gstatic.com/s/ptsans/v18/jizfRExUiTo99u79B_mh0O6tLQ.woff2
[7224:21816:0913/220345.986:VERBOSE1:net\base\network_delegate.cc:38] NetworkDelegate::NotifyBeforeURLRequest: https://fonts.gstatic.com/s/dmsans/v17/rP2Hp2ywxg089UriCZOIHQ.woff2
[3596:10568:0913/220347.137:WARNING:chrome\browser\performance_manager\policies\page_discarding_helper.cc:158] Discarding multiple pages with target (kb): 0, discard_protected_tabs: 0
[7224:21816:0913/220347.172:VERBOSE1:net\base\network_delegate.cc:38] NetworkDelegate::NotifyBeforeURLRequest: https://fonts.gstatic.com/s/ptsans/v18/jizfRExUiTo99u79B_mh0O6tLQ.woff2
[7224:21816:0913/220347.172:VERBOSE1:net\base\network_delegate.cc:38] NetworkDelegate::NotifyBeforeURLRequest: https://fonts.gstatic.com/s/dmsans/v17/rP2Hp2ywxg089UriCZOIHQ.woff2
[7224:21816:0913/220347.494:VERBOSE1:net\base\network_delegate.cc:38] NetworkDelegate::NotifyBeforeURLRequest: https://content-autofill.googleapis.com/v1/pages/ChRDaHJvbWUvMTUyLjAuNzk3Ny44NBJjCcDsIdJjUOTnEg8NYBcqyCoICAQYASADOAISDw0ezCjwKggIAhgFIAE4ABIPDcmjSSsqCAgDGAEgAzgDEg8N30tS8yoICAYYByAFOAIh5ZimWWH9v_4p5ZimWWH9v_4yAiAG?alt=proto
[3596:22492:0913/220347.730:VERBOSE1:chrome\installer\util\install_util.cc:218] Existing Chrome version found: 152.0.7977.84
[3596:22492:0913/220347.730:VERBOSE1:chrome\installer\util\install_util.cc:242] No existing Chrome install found.
[7224:21816:0913/220348.218:VERBOSE1:net\base\network_delegate.cc:38] NetworkDelegate::NotifyBeforeURLRequest: http://localhost:8080/favicon.ico
[3596:10568:0913/220348.421:VERBOSE1:components\segmentation_platform\internal\selection\segment_result_provider.cc:226] GetCachedModelScore: segment=OPTIMIZATION_TARGET_SEGMENTATION_CHROME_LOW_USER_ENGAGEMENT does not have a segment info.
[3596:10568:0913/220348.421:VERBOSE1:components\segmentation_platform\internal\selection\segment_result_provider.cc:172] OnGotModelScore: segment=OPTIMIZATION_TARGET_SEGMENTATION_CHROME_LOW_USER_ENGAGEMENT failed to get score from database, executing server model.
[3596:10568:0913/220348.422:VERBOSE1:components\segmentation_platform\internal\selection\segment_result_provider.cc:277] ExecuteModelAndGetScore: segment=OPTIMIZATION_TARGET_SEGMENTATION_CHROME_LOW_USER_ENGAGEMENT server segment info not available
[3596:10568:0913/220348.422:VERBOSE1:components\segmentation_platform\internal\selection\segment_result_provider.cc:201] OnGotModelScore: segment=OPTIMIZATION_TARGET_SEGMENTATION_CHROME_LOW_USER_ENGAGEMENT failed to get score from executing server model, getting score from default model from db.
[3596:10568:0913/220348.422:VERBOSE1:components\segmentation_platform\internal\selection\segment_result_provider.cc:240] GetCachedModelScore: segment=OPTIMIZATION_TARGET_SEGMENTATION_CHROME_LOW_USER_ENGAGEMENT has expired or unavailable result.
[3596:10568:0913/220348.422:VERBOSE1:components\segmentation_platform\internal\selection\segment_result_provider.cc:210] OnGotModelScore: segment=OPTIMIZATION_TARGET_SEGMENTATION_CHROME_LOW_USER_ENGAGEMENT failed to get database model score, trying default model.
[3596:10568:0913/220348.422:VERBOSE1:components\segmentation_platform\internal\selection\segment_result_provider.cc:295] ExecuteModelAndGetScore: segment=OPTIMIZATION_TARGET_SEGMENTATION_CHROME_LOW_USER_ENGAGEMENT signal collection not met
[3596:10568:0913/220348.422:VERBOSE1:components\segmentation_platform\internal\selection\segment_result_provider.cc:226] GetCachedModelScore: segment=OPTIMIZATION_TARGET_SEGMENTATION_SEARCH_USER does not have a segment info.
[3596:10568:0913/220348.422:VERBOSE1:components\segmentation_platform\internal\selection\segment_result_provider.cc:172] OnGotModelScore: segment=OPTIMIZATION_TARGET_SEGMENTATION_SEARCH_USER failed to get score from database, executing server model.
[3596:10568:0913/220348.422:VERBOSE1:components\segmentation_platform\internal\selection\segment_result_provider.cc:277] ExecuteModelAndGetScore: segment=OPTIMIZATION_TARGET_SEGMENTATION_SEARCH_USER server segment info not available
[3596:10568:0913/220348.422:VERBOSE1:components\segmentation_platform\internal\selection\segment_result_provider.cc:201] OnGotModelScore: segment=OPTIMIZATION_TARGET_SEGMENTATION_SEARCH_USER failed to get score from executing server model, getting score from default model from db.
[3596:10568:0913/220348.422:VERBOSE1:components\segmentation_platform\internal\selection\segment_result_provider.cc:240] GetCachedModelScore: segment=OPTIMIZATION_TARGET_SEGMENTATION_SEARCH_USER has expired or unavailable result.
[3596:10568:0913/220348.422:VERBOSE1:components\segmentation_platform\internal\selection\segment_result_provider.cc:210] OnGotModelScore: segment=OPTIMIZATION_TARGET_SEGMENTATION_SEARCH_USER failed to get database model score, trying default model.
[3596:10568:0913/220348.422:VERBOSE1:components\segmentation_platform\internal\selection\segment_result_provider.cc:295] ExecuteModelAndGetScore: segment=OPTIMIZATION_TARGET_SEGMENTATION_SEARCH_USER signal collection not met
[3596:10568:0913/220348.422:VERBOSE1:components\segmentation_platform\internal\selection\segment_result_provider.cc:226] GetCachedModelScore: segment=OPTIMIZATION_TARGET_SEGMENTATION_SHOPPING_USER does not have a segment info.
[3596:10568:0913/220348.422:VERBOSE1:components\segmentation_platform\internal\selection\segment_result_provider.cc:172] OnGotModelScore: segment=OPTIMIZATION_TARGET_SEGMENTATION_SHOPPING_USER failed to get score from database, executing server model.
[3596:10568:0913/220348.422:VERBOSE1:components\segmentation_platform\internal\selection\segment_result_provider.cc:277] ExecuteModelAndGetScore: segment=OPTIMIZATION_TARGET_SEGMENTATION_SHOPPING_USER server segment info not available
[3596:10568:0913/220348.422:VERBOSE1:components\segmentation_platform\internal\selection\segment_result_provider.cc:201] OnGotModelScore: segment=OPTIMIZATION_TARGET_SEGMENTATION_SHOPPING_USER failed to get score from executing server model, getting score from default model from db.
[3596:10568:0913/220348.422:VERBOSE1:components\segmentation_platform\internal\selection\segment_result_provider.cc:240] GetCachedModelScore: segment=OPTIMIZATION_TARGET_SEGMENTATION_SHOPPING_USER has expired or unavailable result.
[3596:10568:0913/220348.422:VERBOSE1:components\segmentation_platform\internal\selection\segment_result_provider.cc:210] OnGotModelScore: segment=OPTIMIZATION_TARGET_SEGMENTATION_SHOPPING_USER failed to get database model score, trying default model.
[3596:10568:0913/220348.423:VERBOSE1:components\segmentation_platform\internal\selection\segment_result_provider.cc:226] GetCachedModelScore: segment=CROSS_DEVICE_USER_SEGMENT does not have a segment info.
[3596:10568:0913/220348.423:VERBOSE1:components\segmentation_platform\internal\selection\segment_result_provider.cc:172] OnGotModelScore: segment=CROSS_DEVICE_USER_SEGMENT failed to get score from database, executing server model.
[3596:10568:0913/220348.423:VERBOSE1:components\segmentation_platform\internal\selection\segment_result_provider.cc:277] ExecuteModelAndGetScore: segment=CROSS_DEVICE_USER_SEGMENT server segment info not available
[3596:10568:0913/220348.423:VERBOSE1:components\segmentation_platform\internal\selection\segment_result_provider.cc:201] OnGotModelScore: segment=CROSS_DEVICE_USER_SEGMENT failed to get score from executing server model, getting score from default model from db.
[3596:10568:0913/220348.423:VERBOSE1:components\segmentation_platform\internal\selection\segment_result_provider.cc:240] GetCachedModelScore: segment=CROSS_DEVICE_USER_SEGMENT has expired or unavailable result.
[3596:10568:0913/220348.423:VERBOSE1:components\segmentation_platform\internal\selection\segment_result_provider.cc:210] OnGotModelScore: segment=CROSS_DEVICE_USER_SEGMENT failed to get database model score, trying default model.
[3596:10568:0913/220348.423:VERBOSE1:components\segmentation_platform\internal\selection\segment_result_provider.cc:295] ExecuteModelAndGetScore: segment=CROSS_DEVICE_USER_SEGMENT signal collection not met
[3596:10568:0913/220348.423:VERBOSE1:components\segmentation_platform\internal\selection\segment_result_provider.cc:226] GetCachedModelScore: segment=RESUME_HEAVY_USER_SEGMENT does not have a segment info.
[3596:10568:0913/220348.423:VERBOSE1:components\segmentation_platform\internal\selection\segment_result_provider.cc:172] OnGotModelScore: segment=RESUME_HEAVY_USER_SEGMENT failed to get score from database, executing server model.
[3596:10568:0913/220348.423:VERBOSE1:components\segmentation_platform\internal\selection\segment_result_provider.cc:277] ExecuteModelAndGetScore: segment=RESUME_HEAVY_USER_SEGMENT server segment info not available
[3596:10568:0913/220348.423:VERBOSE1:components\segmentation_platform\internal\selection\segment_result_provider.cc:201] OnGotModelScore: segment=RESUME_HEAVY_USER_SEGMENT failed to get score from executing server model, getting score from default model from db.
[3596:10568:0913/220348.423:VERBOSE1:components\segmentation_platform\internal\selection\segment_result_provider.cc:240] GetCachedModelScore: segment=RESUME_HEAVY_USER_SEGMENT has expired or unavailable result.
[3596:10568:0913/220348.423:VERBOSE1:components\segmentation_platform\internal\selection\segment_result_provider.cc:210] OnGotModelScore: segment=RESUME_HEAVY_USER_SEGMENT failed to get database model score, trying default model.
[3596:10568:0913/220348.423:VERBOSE1:components\segmentation_platform\internal\selection\segment_result_provider.cc:295] ExecuteModelAndGetScore: segment=RESUME_HEAVY_USER_SEGMENT signal collection not met
[3596:10568:0913/220348.423:VERBOSE1:components\segmentation_platform\internal\selection\segment_result_provider.cc:226] GetCachedModelScore: segment=PASSWORD_MANAGER_USER does not have a segment info.
[3596:10568:0913/220348.423:VERBOSE1:components\segmentation_platform\internal\selection\segment_result_provider.cc:172] OnGotModelScore: segment=PASSWORD_MANAGER_USER failed to get score from database, executing server model.
[3596:10568:0913/220348.423:VERBOSE1:components\segmentation_platform\internal\selection\segment_result_provider.cc:277] ExecuteModelAndGetScore: segment=PASSWORD_MANAGER_USER server segment info not available
[3596:10568:0913/220348.423:VERBOSE1:components\segmentation_platform\internal\selection\segment_result_provider.cc:201] OnGotModelScore: segment=PASSWORD_MANAGER_USER failed to get score from executing server model, getting score from default model from db.
[3596:10568:0913/220348.423:VERBOSE1:components\segmentation_platform\internal\selection\segment_result_provider.cc:240] GetCachedModelScore: segment=PASSWORD_MANAGER_USER has expired or unavailable result.
[3596:10568:0913/220348.423:VERBOSE1:components\segmentation_platform\internal\selection\segment_result_provider.cc:210] OnGotModelScore: segment=PASSWORD_MANAGER_USER failed to get database model score, trying default model.
[3596:10568:0913/220348.423:VERBOSE1:components\segmentation_platform\internal\selection\segment_result_provider.cc:295] ExecuteModelAndGetScore: segment=PASSWORD_MANAGER_USER signal collection not met
[3596:10568:0913/220348.423:VERBOSE1:components\segmentation_platform\internal\selection\segment_result_provider.cc:226] GetCachedModelScore: segment=CHROME_USER_ENGAGEMENT does not have a segment info.
[3596:10568:0913/220348.423:VERBOSE1:components\segmentation_platform\internal\selection\segment_result_provider.cc:172] OnGotModelScore: segment=CHROME_USER_ENGAGEMENT failed to get score from database, executing server model.
[3596:10568:0913/220348.423:VERBOSE1:components\segmentation_platform\internal\selection\segment_result_provider.cc:277] ExecuteModelAndGetScore: segment=CHROME_USER_ENGAGEMENT server segment info not available
[3596:10568:0913/220348.423:VERBOSE1:components\segmentation_platform\internal\selection\segment_result_provider.cc:201] OnGotModelScore: segment=CHROME_USER_ENGAGEMENT failed to get score from executing server model, getting score from default model from db.
[3596:10568:0913/220348.423:VERBOSE1:components\segmentation_platform\internal\selection\segment_result_provider.cc:240] GetCachedModelScore: segment=CHROME_USER_ENGAGEMENT has expired or unavailable result.
[3596:10568:0913/220348.423:VERBOSE1:components\segmentation_platform\internal\selection\segment_result_provider.cc:210] OnGotModelScore: segment=CHROME_USER_ENGAGEMENT failed to get database model score, trying default model.
[3596:10568:0913/220348.423:VERBOSE1:components\segmentation_platform\internal\selection\segment_result_provider.cc:295] ExecuteModelAndGetScore: segment=CHROME_USER_ENGAGEMENT signal collection not met
[3596:16164:0913/220348.424:VERBOSE1:components\segmentation_platform\internal\database\ukm_database_backend.cc:355] Output from SQL query SELECT IFNULL(COUNT(metric_value),0)FROM uma_metrics WHERE metric_hash='1A94D82447638877' AND profile_id=? AND type=? AND metric_value IN(1)AND event_timestamp BETWEEN ? AND ? Bind values: 0:746814126 1:2 2:2026-09-06 16:33:48.423400 UTC 3:2026-09-13 16:33:48.423400 UTC  Result: 0.000000,
[3596:16164:0913/220348.424:VERBOSE1:components\segmentation_platform\internal\database\ukm_database_backend.cc:355] Output from SQL query SELECT IFNULL(COUNT(metric_value),0)FROM uma_metrics WHERE metric_hash='8A5076C9026398BD' AND profile_id=? AND type=? AND event_timestamp BETWEEN ? AND ? Bind values: 0:746814126 1:1 2:2026-09-06 16:33:48.423400 UTC 3:2026-09-13 16:33:48.423400 UTC  Result: 0.000000,
[3596:16164:0913/220348.424:VERBOSE1:components\segmentation_platform\internal\database\ukm_database_backend.cc:355] Output from SQL query SELECT COALESCE((SELECT metric_value FROM uma_metrics WHERE metric_hash='ED7CFEC70BF9942D' AND profile_id=? AND type=? AND event_timestamp BETWEEN ? AND ? ORDER BY event_timestamp DESC,id DESC LIMIT 1),0.000000) Bind values: 0:746814126 1:3 2:2026-09-06 16:33:48.423400 UTC 3:2026-09-13 16:33:48.423400 UTC  Result: 0.000000,
[3596:10568:0913/220348.425:VERBOSE1:components\segmentation_platform\internal\execution\model_executor_impl.cc:191] Segmentation model input:  feature 0: 0 feature 1: 0 feature 2: 0 feature 3: 0 for segment OPTIMIZATION_TARGET_SEGMENTATION_SHOPPING_USER
[3596:10568:0913/220348.425:VERBOSE1:components\segmentation_platform\internal\execution\model_executor_impl.cc:220] Segmentation model result:  output 0: 0 for segment OPTIMIZATION_TARGET_SEGMENTATION_SHOPPING_USER
[3596:10568:0913/220348.425:VERBOSE1:components\segmentation_platform\internal\execution\model_executor_impl.cc:278] Model: OPTIMIZATION_TARGET_SEGMENTATION_SHOPPING_USER version: 3 execution status: 0, output size: 1
[3596:10568:0913/220348.426:VERBOSE1:components\segmentation_platform\internal\selection\segment_result_provider.cc:29] ComputeDiscreteMapping: segment=: result=0, rank=0
[3596:10568:0913/220348.426:VERBOSE1:components\segmentation_platform\internal\selection\segment_result_provider.cc:359] OnModelExecuted: Default model executed successfully. Result: PredictionResult: timestamp: 13433790828427016 result 0: 0 for segment OPTIMIZATION_TARGET_SEGMENTATION_SHOPPING_USER
[3596:10568:0913/220348.426:VERBOSE1:components\segmentation_platform\internal\database\segment_info_database.cc:208] SaveSegmentResult: saving: PredictionResult: timestamp: 13433790828427016 result 0: 0 for segment id: OPTIMIZATION_TARGET_SEGMENTATION_SHOPPING_USER
[3596:10568:0913/220348.427:VERBOSE1:components\segmentation_platform\internal\database\cached_result_writer.cc:30] CachedResultWriter updating prefs with new result: PredictionResult: timestamp: 13433790828427016 result 0: 0 for segmentation key: shopping_user
[7224:21816:0913/220349.839:VERBOSE1:net\third_party\quiche\src\quiche\quic\core\tls_handshaker.cc:109] TlsClient: Continuing handshake
[7224:21816:0913/220350.238:VERBOSE1:net\third_party\quiche\src\quiche\quic\core\tls_handshaker.cc:109] TlsClient: Continuing handshake
[7224:21816:0913/220350.238:VERBOSE1:net\third_party\quiche\src\quiche\quic\core\tls_handshaker.cc:109] TlsClient: Continuing handshake
[7224:21816:0913/220350.240:VERBOSE1:net\third_party\quiche\src\quiche\quic\core\tls_handshaker.cc:109] TlsClient: Continuing handshake
[7224:21816:0913/220350.240:VERBOSE1:net\third_party\quiche\src\quiche\quic\core\tls_handshaker.cc:109] TlsClient: Continuing handshake
[7224:21816:0913/220350.243:VERBOSE1:net\third_party\quiche\src\quiche\quic\core\tls_handshaker.cc:109] TlsClient: Continuing handshake
[3596:20512:0913/220350.801:VERBOSE1:components\component_updater\component_installer.cc:511] StartRegistration for Related Website Sets
[3596:10568:0913/220350.805:VERBOSE1:components\component_updater\component_installer.cc:582] FinishRegistration for Related Website Sets
[3596:10568:0913/220350.805:VERBOSE1:chrome\browser\component_updater\first_party_sets_component_installer.cc:45] Received Related Website Sets
[11040:4252:0913/220351.295:VERBOSE1:base\allocator\scheduler_loop_quarantine_config.cc:195] No entry found for renderer/global.
[11040:4252:0913/220351.295:VERBOSE1:base\allocator\scheduler_loop_quarantine_config.cc:195] No entry found for renderer/*.
[11040:4252:0913/220351.295:VERBOSE1:base\allocator\scheduler_loop_quarantine_config.cc:195] No entry found for renderer/main.
[11040:4252:0913/220351.304:INFO:third_party\webrtc\rtc_base\cpu_info.cc:77] Available number of cores: 4
[20872:21948:0913/220351.720:VERBOSE1:third_party\blink\renderer\modules\content_extraction\ai_page_content_agent.cc:1965] GetAIPageContent SYNC MainFrame: 1
[20872:21948:0913/220351.809:VERBOSE1:third_party\blink\renderer\modules\content_extraction\ai_page_content_agent.cc:1968] GetAIPageContent SYNC DONE
[7224:21816:0913/220352.221:VERBOSE1:net\base\network_delegate.cc:38] NetworkDelegate::NotifyBeforeURLRequest: https://optimizationguide-pa.googleapis.com/v1:GetModels?key=AIzaSyA2KlwBX3mkFo30om9LUFYQhpqLoa_BNhE
[3596:21592:0913/220352.662:VERBOSE1:content\browser\renderer_host\media\media_stream_manager.cc:1544] MSPL::OnSpeedLimitChange({id=0EC03B5642ECE403008A596C055B90C3}, {new_limit=50})
[3596:10568:0913/220355.536:VERBOSE1:chrome\browser\web_applications\locks\partitioned_lock_manager.cc:262] Acquiring <PartitionedLockId>{id: 0x31, partition: 0} for SynchronizeInstalledApps@chrome\browser\web_applications\externally_managed_app_manager.cc:186
[3596:10568:0913/220355.536:VERBOSE1:chrome\browser\web_applications\locks\partitioned_lock_manager.cc:243] All locks acquired for SynchronizeInstalledApps@chrome\browser\web_applications\externally_managed_app_manager.cc:186
[3596:10568:0913/220355.536:VERBOSE1:chrome\browser\web_applications\locks\partitioned_lock_manager.cc:286] Releasing <PartitionedLockId>{id: 0x31, partition: 0} requested by SynchronizeInstalledApps@chrome\browser\web_applications\externally_managed_app_manager.cc:186
[3596:10568:0913/220355.536:VERBOSE1:chrome\browser\web_applications\locks\partitioned_lock_manager.cc:262] Acquiring <PartitionedLockId>{id: 0x31, partition: 0} for MaybeStartNext@chrome\browser\web_applications\externally_managed_app_manager.cc:271
[3596:10568:0913/220355.538:VERBOSE1:chrome\browser\web_applications\locks\partitioned_lock_manager.cc:243] All locks acquired for MaybeStartNext@chrome\browser\web_applications\externally_managed_app_manager.cc:271
[3596:10568:0913/220355.542:VERBOSE1:chrome\browser\web_applications\locks\partitioned_lock_manager.cc:262] Acquiring <PartitionedLockId>{id: 0x30, partition: 0} for StartInstallationTask@chrome\browser\web_applications\externally_managed_app_manager.cc:411
[3596:10568:0913/220355.542:VERBOSE1:chrome\browser\web_applications\locks\partitioned_lock_manager.cc:243] All locks acquired for StartInstallationTask@chrome\browser\web_applications\externally_managed_app_manager.cc:411
[3596:10568:0913/220355.542:VERBOSE1:chrome\browser\web_applications\locks\partitioned_lock_manager.cc:286] Releasing <PartitionedLockId>{id: 0x31, partition: 0} requested by MaybeStartNext@chrome\browser\web_applications\externally_managed_app_manager.cc:271
[3596:21592:0913/220355.558:VERBOSE1:net\dns\mdns_client_impl.cc:204] Sockets ready:2
[14712:8812:0913/220355.632:VERBOSE1:base\allocator\scheduler_loop_quarantine_config.cc:195] No entry found for utility.chr..ssorMetrics/global.
[14712:8812:0913/220355.632:VERBOSE1:base\allocator\scheduler_loop_quarantine_config.cc:195] No entry found for utility.chrom..cessorMetrics/*.
[14712:8812:0913/220355.634:VERBOSE1:base\allocator\scheduler_loop_quarantine_config.cc:195] No entry found for utility.chro..essorMetrics/main.
[20568:19084:0913/220355.679:VERBOSE1:base\allocator\scheduler_loop_quarantine_config.cc:195] No entry found for renderer/global.
[20568:19084:0913/220355.679:VERBOSE1:base\allocator\scheduler_loop_quarantine_config.cc:195] No entry found for renderer/*.
[20568:19084:0913/220355.679:VERBOSE1:base\allocator\scheduler_loop_quarantine_config.cc:195] No entry found for renderer/main.
[20568:19084:0913/220355.693:INFO:third_party\webrtc\rtc_base\cpu_info.cc:77] Available number of cores: 4
[20568:19084:0913/220355.747:VERBOSE1:extensions\renderer\script_context.cc:150] Created context:
  extension id:           (none)
  frame:                  0x515402031738
  URL:                    
  context_type:           WEB_PAGE
  effective extension id: (none)
  effective context type: WEB_PAGE
[20568:19084:0913/220355.748:VERBOSE1:extensions\renderer\script_context.cc:150] Created context:
  extension id:           (none)
  frame:                  (nil)
  URL:                    
  context_type:           UNSPECIFIED
  effective extension id: (none)
  effective context type: UNSPECIFIED
[20568:19084:0913/220355.748:VERBOSE1:extensions\renderer\dispatcher.cc:487] Num tracked contexts: 1
[3596:10568:0913/220355.758:VERBOSE1:chrome\browser\web_applications\locks\partitioned_lock_manager.cc:262] Acquiring <PartitionedLockId>{id: 0x31, partition: 0} for InstallFromInfo@chrome\browser\web_applications\commands\external_app_resolution_command.cc:800
[3596:10568:0913/220355.758:VERBOSE1:chrome\browser\web_applications\locks\partitioned_lock_manager.cc:262] Acquiring <PartitionedLockId>{id: 0x666d676a6a6d6d6d6c666e6b6270706e636162666b6464626a696d63666e636d, partition: 1} for InstallFromInfo@chrome\browser\web_applications\commands\external_app_resolution_command.cc:800
[3596:10568:0913/220355.758:VERBOSE1:chrome\browser\web_applications\locks\partitioned_lock_manager.cc:243] All locks acquired for InstallFromInfo@chrome\browser\web_applications\commands\external_app_resolution_command.cc:800
[3596:10568:0913/220355.956:VERBOSE1:chrome\browser\profiles\profile_manager.cc:1405] AddKeepAlive(Default, kWebAppUpdate). keep_alives=[kBrowserWindow (1), kExtensionUpdater (1), kWebAppUpdate (1)]
[3596:10568:0913/220355.958:VERBOSE1:chrome\browser\web_applications\locks\partitioned_lock_manager.cc:286] Releasing <PartitionedLockId>{id: 0x666d676a6a6d6d6d6c666e6b6270706e636162666b6464626a696d63666e636d, partition: 1} requested by InstallFromInfo@chrome\browser\web_applications\commands\external_app_resolution_command.cc:800
[3596:10568:0913/220355.958:VERBOSE1:chrome\browser\web_applications\locks\partitioned_lock_manager.cc:286] Releasing <PartitionedLockId>{id: 0x31, partition: 0} requested by InstallFromInfo@chrome\browser\web_applications\commands\external_app_resolution_command.cc:800
[3596:10568:0913/220355.958:VERBOSE1:chrome\browser\web_applications\locks\partitioned_lock_manager.cc:318] Acquiring <PartitionedLockId>{id: 0x31, partition: 0} for AdjustAppStateBeforeCommit@chrome\browser\web_applications\jobs\finalize_install_job.cc:658
[3596:10568:0913/220355.958:VERBOSE1:chrome\browser\web_applications\locks\partitioned_lock_manager.cc:243] All locks acquired for AdjustAppStateBeforeCommit@chrome\browser\web_applications\jobs\finalize_install_job.cc:658
[3596:10568:0913/220355.958:VERBOSE1:chrome\browser\web_applications\locks\partitioned_lock_manager.cc:286] Releasing <PartitionedLockId>{id: 0x30, partition: 0} requested by StartInstallationTask@chrome\browser\web_applications\externally_managed_app_manager.cc:411
[3596:10568:0913/220355.960:VERBOSE1:chrome\browser\profiles\profile_manager.cc:1466] RemoveKeepAlive(Default, kWebAppUpdate). keep_alives=[kBrowserWindow (1), kExtensionUpdater (1)]
[3596:10568:0913/220355.960:VERBOSE1:chrome\browser\web_applications\locks\partitioned_lock_manager.cc:286] Releasing <PartitionedLockId>{id: 0x31, partition: 0} requested by AdjustAppStateBeforeCommit@chrome\browser\web_applications\jobs\finalize_install_job.cc:658
[3596:10568:0913/220355.970:VERBOSE1:chrome\browser\web_applications\locks\partitioned_lock_manager.cc:262] Acquiring <PartitionedLockId>{id: 0x31, partition: 0} for MaybeStartNext@chrome\browser\web_applications\externally_managed_app_manager.cc:271
[3596:10568:0913/220355.970:VERBOSE1:chrome\browser\web_applications\locks\partitioned_lock_manager.cc:243] All locks acquired for MaybeStartNext@chrome\browser\web_applications\externally_managed_app_manager.cc:271
[3596:10568:0913/220355.970:VERBOSE1:chrome\browser\web_applications\locks\partitioned_lock_manager.cc:262] Acquiring <PartitionedLockId>{id: 0x30, partition: 0} for StartInstallationTask@chrome\browser\web_applications\externally_managed_app_manager.cc:411
[3596:10568:0913/220355.970:VERBOSE1:chrome\browser\web_applications\locks\partitioned_lock_manager.cc:243] All locks acquired for StartInstallationTask@chrome\browser\web_applications\externally_managed_app_manager.cc:411
[3596:10568:0913/220355.970:VERBOSE1:chrome\browser\web_applications\locks\partitioned_lock_manager.cc:286] Releasing <PartitionedLockId>{id: 0x31, partition: 0} requested by MaybeStartNext@chrome\browser\web_applications\externally_managed_app_manager.cc:271
[15532:6036:0913/220356.145:VERBOSE1:base\allocator\scheduler_loop_quarantine_config.cc:195] No entry found for renderer/global.
[15532:6036:0913/220356.147:VERBOSE1:base\allocator\scheduler_loop_quarantine_config.cc:195] No entry found for renderer/*.
[15532:6036:0913/220356.147:VERBOSE1:base\allocator\scheduler_loop_quarantine_config.cc:195] No entry found for renderer/main.
[15532:6036:0913/220356.161:INFO:third_party\webrtc\rtc_base\cpu_info.cc:77] Available number of cores: 4
[15532:6036:0913/220356.235:VERBOSE1:extensions\renderer\script_context.cc:150] Created context:
  extension id:           (none)
  frame:                  0x1c4c02031738
  URL:                    
  context_type:           WEB_PAGE
  effective extension id: (none)
  effective context type: WEB_PAGE
[15532:6036:0913/220356.236:VERBOSE1:extensions\renderer\script_context.cc:150] Created context:
  extension id:           (none)
  frame:                  (nil)
  URL:                    
  context_type:           UNSPECIFIED
  effective extension id: (none)
  effective context type: UNSPECIFIED
[15532:6036:0913/220356.236:VERBOSE1:extensions\renderer\dispatcher.cc:487] Num tracked contexts: 1
[3596:10568:0913/220356.244:VERBOSE1:chrome\browser\web_applications\locks\partitioned_lock_manager.cc:262] Acquiring <PartitionedLockId>{id: 0x31, partition: 0} for InstallFromInfo@chrome\browser\web_applications\commands\external_app_resolution_command.cc:800
[3596:10568:0913/220356.244:VERBOSE1:chrome\browser\web_applications\locks\partitioned_lock_manager.cc:262] Acquiring <PartitionedLockId>{id: 0x6d706e706f6a6b6e706d6d6f706f6d626e6a646367616169656b616a626e6a62, partition: 1} for InstallFromInfo@chrome\browser\web_applications\commands\external_app_resolution_command.cc:800
[3596:10568:0913/220356.244:VERBOSE1:chrome\browser\web_applications\locks\partitioned_lock_manager.cc:243] All locks acquired for InstallFromInfo@chrome\browser\web_applications\commands\external_app_resolution_command.cc:800
[3596:10568:0913/220356.411:VERBOSE1:chrome\browser\profiles\profile_manager.cc:1405] AddKeepAlive(Default, kWebAppUpdate). keep_alives=[kBrowserWindow (1), kExtensionUpdater (1), kWebAppUpdate (1)]
[3596:10568:0913/220356.411:VERBOSE1:chrome\browser\web_applications\locks\partitioned_lock_manager.cc:286] Releasing <PartitionedLockId>{id: 0x6d706e706f6a6b6e706d6d6f706f6d626e6a646367616169656b616a626e6a62, partition: 1} requested by InstallFromInfo@chrome\browser\web_applications\commands\external_app_resolution_command.cc:800
[3596:10568:0913/220356.411:VERBOSE1:chrome\browser\web_applications\locks\partitioned_lock_manager.cc:286] Releasing <PartitionedLockId>{id: 0x31, partition: 0} requested by InstallFromInfo@chrome\browser\web_applications\commands\external_app_resolution_command.cc:800
[3596:10568:0913/220356.411:VERBOSE1:chrome\browser\web_applications\locks\partitioned_lock_manager.cc:318] Acquiring <PartitionedLockId>{id: 0x31, partition: 0} for AdjustAppStateBeforeCommit@chrome\browser\web_applications\jobs\finalize_install_job.cc:658
[3596:10568:0913/220356.411:VERBOSE1:chrome\browser\web_applications\locks\partitioned_lock_manager.cc:243] All locks acquired for AdjustAppStateBeforeCommit@chrome\browser\web_applications\jobs\finalize_install_job.cc:658
[3596:10568:0913/220356.411:VERBOSE1:chrome\browser\web_applications\locks\partitioned_lock_manager.cc:286] Releasing <PartitionedLockId>{id: 0x30, partition: 0} requested by StartInstallationTask@chrome\browser\web_applications\externally_managed_app_manager.cc:411
[3596:10568:0913/220356.411:VERBOSE1:chrome\browser\profiles\profile_manager.cc:1466] RemoveKeepAlive(Default, kWebAppUpdate). keep_alives=[kBrowserWindow (1), kExtensionUpdater (1)]
[3596:10568:0913/220356.411:VERBOSE1:chrome\browser\web_applications\locks\partitioned_lock_manager.cc:286] Releasing <PartitionedLockId>{id: 0x31, partition: 0} requested by AdjustAppStateBeforeCommit@chrome\browser\web_applications\jobs\finalize_install_job.cc:658
[3596:10568:0913/220356.415:VERBOSE1:chrome\browser\web_applications\locks\partitioned_lock_manager.cc:262] Acquiring <PartitionedLockId>{id: 0x31, partition: 0} for MaybeStartNext@chrome\browser\web_applications\externally_managed_app_manager.cc:271
[3596:10568:0913/220356.415:VERBOSE1:chrome\browser\web_applications\locks\partitioned_lock_manager.cc:243] All locks acquired for MaybeStartNext@chrome\browser\web_applications\externally_managed_app_manager.cc:271
[3596:10568:0913/220356.415:VERBOSE1:chrome\browser\web_applications\locks\partitioned_lock_manager.cc:262] Acquiring <PartitionedLockId>{id: 0x30, partition: 0} for StartInstallationTask@chrome\browser\web_applications\externally_managed_app_manager.cc:411
[3596:10568:0913/220356.415:VERBOSE1:chrome\browser\web_applications\locks\partitioned_lock_manager.cc:243] All locks acquired for StartInstallationTask@chrome\browser\web_applications\externally_managed_app_manager.cc:411
[3596:10568:0913/220356.415:VERBOSE1:chrome\browser\web_applications\locks\partitioned_lock_manager.cc:286] Releasing <PartitionedLockId>{id: 0x31, partition: 0} requested by MaybeStartNext@chrome\browser\web_applications\externally_managed_app_manager.cc:271
[6224:13576:0913/220356.629:VERBOSE1:base\allocator\scheduler_loop_quarantine_config.cc:195] No entry found for renderer/global.
[6224:13576:0913/220356.629:VERBOSE1:base\allocator\scheduler_loop_quarantine_config.cc:195] No entry found for renderer/*.
[6224:13576:0913/220356.630:VERBOSE1:base\allocator\scheduler_loop_quarantine_config.cc:195] No entry found for renderer/main.
[6224:13576:0913/220356.642:INFO:third_party\webrtc\rtc_base\cpu_info.cc:77] Available number of cores: 4
[6224:13576:0913/220356.692:VERBOSE1:extensions\renderer\script_context.cc:150] Created context:
  extension id:           (none)
  frame:                  0x7dc02031738
  URL:                    
  context_type:           WEB_PAGE
  effective extension id: (none)
  effective context type: WEB_PAGE
[6224:13576:0913/220356.693:VERBOSE1:extensions\renderer\script_context.cc:150] Created context:
  extension id:           (none)
  frame:                  (nil)
  URL:                    
  context_type:           UNSPECIFIED
  effective extension id: (none)
  effective context type: UNSPECIFIED
[6224:13576:0913/220356.693:VERBOSE1:extensions\renderer\dispatcher.cc:487] Num tracked contexts: 1
[3596:10568:0913/220356.701:VERBOSE1:chrome\browser\web_applications\locks\partitioned_lock_manager.cc:262] Acquiring <PartitionedLockId>{id: 0x31, partition: 0} for InstallFromInfo@chrome\browser\web_applications\commands\external_app_resolution_command.cc:800
[3596:10568:0913/220356.701:VERBOSE1:chrome\browser\web_applications\locks\partitioned_lock_manager.cc:262] Acquiring <PartitionedLockId>{id: 0x61676862696168627061696a69676e6365696465706f6f6b6c6a65626866616b, partition: 1} for InstallFromInfo@chrome\browser\web_applications\commands\external_app_resolution_command.cc:800
[3596:10568:0913/220356.701:VERBOSE1:chrome\browser\web_applications\locks\partitioned_lock_manager.cc:243] All locks acquired for InstallFromInfo@chrome\browser\web_applications\commands\external_app_resolution_command.cc:800
[3596:10568:0913/220356.927:VERBOSE1:chrome\browser\profiles\profile_manager.cc:1405] AddKeepAlive(Default, kWebAppUpdate). keep_alives=[kBrowserWindow (1), kExtensionUpdater (1), kWebAppUpdate (1)]
[3596:10568:0913/220356.927:VERBOSE1:chrome\browser\web_applications\locks\partitioned_lock_manager.cc:286] Releasing <PartitionedLockId>{id: 0x61676862696168627061696a69676e6365696465706f6f6b6c6a65626866616b, partition: 1} requested by InstallFromInfo@chrome\browser\web_applications\commands\external_app_resolution_command.cc:800
[3596:10568:0913/220356.927:VERBOSE1:chrome\browser\web_applications\locks\partitioned_lock_manager.cc:286] Releasing <PartitionedLockId>{id: 0x31, partition: 0} requested by InstallFromInfo@chrome\browser\web_applications\commands\external_app_resolution_command.cc:800
[3596:10568:0913/220356.927:VERBOSE1:chrome\browser\web_applications\locks\partitioned_lock_manager.cc:318] Acquiring <PartitionedLockId>{id: 0x31, partition: 0} for AdjustAppStateBeforeCommit@chrome\browser\web_applications\jobs\finalize_install_job.cc:658
[3596:10568:0913/220356.927:VERBOSE1:chrome\browser\web_applications\locks\partitioned_lock_manager.cc:243] All locks acquired for AdjustAppStateBeforeCommit@chrome\browser\web_applications\jobs\finalize_install_job.cc:658
[3596:10568:0913/220356.927:VERBOSE1:chrome\browser\web_applications\locks\partitioned_lock_manager.cc:286] Releasing <PartitionedLockId>{id: 0x30, partition: 0} requested by StartInstallationTask@chrome\browser\web_applications\externally_managed_app_manager.cc:411
[3596:10568:0913/220356.927:VERBOSE1:chrome\browser\profiles\profile_manager.cc:1466] RemoveKeepAlive(Default, kWebAppUpdate). keep_alives=[kBrowserWindow (1), kExtensionUpdater (1)]
[3596:10568:0913/220356.927:VERBOSE1:chrome\browser\web_applications\locks\partitioned_lock_manager.cc:286] Releasing <PartitionedLockId>{id: 0x31, partition: 0} requested by AdjustAppStateBeforeCommit@chrome\browser\web_applications\jobs\finalize_install_job.cc:658
[3596:10568:0913/220356.930:VERBOSE1:chrome\browser\web_applications\locks\partitioned_lock_manager.cc:262] Acquiring <PartitionedLockId>{id: 0x31, partition: 0} for MaybeStartNext@chrome\browser\web_applications\externally_managed_app_manager.cc:271
[3596:10568:0913/220356.930:VERBOSE1:chrome\browser\web_applications\locks\partitioned_lock_manager.cc:243] All locks acquired for MaybeStartNext@chrome\browser\web_applications\externally_managed_app_manager.cc:271
[3596:10568:0913/220356.932:VERBOSE1:chrome\browser\web_applications\locks\partitioned_lock_manager.cc:262] Acquiring <PartitionedLockId>{id: 0x30, partition: 0} for StartInstallationTask@chrome\browser\web_applications\externally_managed_app_manager.cc:411
[3596:10568:0913/220356.932:VERBOSE1:chrome\browser\web_applications\locks\partitioned_lock_manager.cc:243] All locks acquired for StartInstallationTask@chrome\browser\web_applications\externally_managed_app_manager.cc:411
[3596:10568:0913/220356.932:VERBOSE1:chrome\browser\web_applications\locks\partitioned_lock_manager.cc:286] Releasing <PartitionedLockId>{id: 0x31, partition: 0} requested by MaybeStartNext@chrome\browser\web_applications\externally_managed_app_manager.cc:271
[7764:4768:0913/220357.062:VERBOSE1:base\allocator\scheduler_loop_quarantine_config.cc:195] No entry found for renderer/global.
[7764:4768:0913/220357.062:VERBOSE1:base\allocator\scheduler_loop_quarantine_config.cc:195] No entry found for renderer/*.
[7764:4768:0913/220357.062:VERBOSE1:base\allocator\scheduler_loop_quarantine_config.cc:195] No entry found for renderer/main.
[7764:4768:0913/220357.073:INFO:third_party\webrtc\rtc_base\cpu_info.cc:77] Available number of cores: 4
[7764:4768:0913/220357.172:VERBOSE1:extensions\renderer\script_context.cc:150] Created context:
  extension id:           (none)
  frame:                  0x3a6c02031738
  URL:                    
  context_type:           WEB_PAGE
  effective extension id: (none)
  effective context type: WEB_PAGE
[7764:4768:0913/220357.172:VERBOSE1:extensions\renderer\script_context.cc:150] Created context:
  extension id:           (none)
  frame:                  (nil)
  URL:                    
  context_type:           UNSPECIFIED
  effective extension id: (none)
  effective context type: UNSPECIFIED
[7764:4768:0913/220357.172:VERBOSE1:extensions\renderer\dispatcher.cc:487] Num tracked contexts: 1
[3596:10568:0913/220357.177:VERBOSE1:chrome\browser\web_applications\locks\partitioned_lock_manager.cc:262] Acquiring <PartitionedLockId>{id: 0x31, partition: 0} for InstallFromInfo@chrome\browser\web_applications\commands\external_app_resolution_command.cc:800
[3596:10568:0913/220357.178:VERBOSE1:chrome\browser\web_applications\locks\partitioned_lock_manager.cc:262] Acquiring <PartitionedLockId>{id: 0x6668696870696f6a6b626d6270646a656f616a61706d676b686c6e616b666a66, partition: 1} for InstallFromInfo@chrome\browser\web_applications\commands\external_app_resolution_command.cc:800
[3596:10568:0913/220357.178:VERBOSE1:chrome\browser\web_applications\locks\partitioned_lock_manager.cc:243] All locks acquired for InstallFromInfo@chrome\browser\web_applications\commands\external_app_resolution_command.cc:800
[3596:10568:0913/220357.687:VERBOSE1:chrome\browser\profiles\profile_manager.cc:1405] AddKeepAlive(Default, kWebAppUpdate). keep_alives=[kBrowserWindow (1), kExtensionUpdater (1), kWebAppUpdate (1)]
[3596:10568:0913/220357.687:VERBOSE1:chrome\browser\web_applications\locks\partitioned_lock_manager.cc:286] Releasing <PartitionedLockId>{id: 0x6668696870696f6a6b626d6270646a656f616a61706d676b686c6e616b666a66, partition: 1} requested by InstallFromInfo@chrome\browser\web_applications\commands\external_app_resolution_command.cc:800
[3596:10568:0913/220357.687:VERBOSE1:chrome\browser\web_applications\locks\partitioned_lock_manager.cc:286] Releasing <PartitionedLockId>{id: 0x31, partition: 0} requested by InstallFromInfo@chrome\browser\web_applications\commands\external_app_resolution_command.cc:800
[3596:10568:0913/220357.687:VERBOSE1:chrome\browser\web_applications\locks\partitioned_lock_manager.cc:318] Acquiring <PartitionedLockId>{id: 0x31, partition: 0} for AdjustAppStateBeforeCommit@chrome\browser\web_applications\jobs\finalize_install_job.cc:658
[3596:10568:0913/220357.687:VERBOSE1:chrome\browser\web_applications\locks\partitioned_lock_manager.cc:243] All locks acquired for AdjustAppStateBeforeCommit@chrome\browser\web_applications\jobs\finalize_install_job.cc:658
[3596:10568:0913/220357.687:VERBOSE1:chrome\browser\web_applications\locks\partitioned_lock_manager.cc:286] Releasing <PartitionedLockId>{id: 0x30, partition: 0} requested by StartInstallationTask@chrome\browser\web_applications\externally_managed_app_manager.cc:411
[3596:10568:0913/220357.687:VERBOSE1:chrome\browser\profiles\profile_manager.cc:1466] RemoveKeepAlive(Default, kWebAppUpdate). keep_alives=[kBrowserWindow (1), kExtensionUpdater (1)]
[3596:10568:0913/220357.688:VERBOSE1:chrome\browser\web_applications\locks\partitioned_lock_manager.cc:286] Releasing <PartitionedLockId>{id: 0x31, partition: 0} requested by AdjustAppStateBeforeCommit@chrome\browser\web_applications\jobs\finalize_install_job.cc:658
[3596:10568:0913/220357.690:VERBOSE1:chrome\browser\web_applications\locks\partitioned_lock_manager.cc:262] Acquiring <PartitionedLockId>{id: 0x31, partition: 0} for MaybeStartNext@chrome\browser\web_applications\externally_managed_app_manager.cc:271
[3596:10568:0913/220357.690:VERBOSE1:chrome\browser\web_applications\locks\partitioned_lock_manager.cc:243] All locks acquired for MaybeStartNext@chrome\browser\web_applications\externally_managed_app_manager.cc:271
[3596:10568:0913/220357.691:VERBOSE1:chrome\browser\web_applications\locks\partitioned_lock_manager.cc:262] Acquiring <PartitionedLockId>{id: 0x30, partition: 0} for StartInstallationTask@chrome\browser\web_applications\externally_managed_app_manager.cc:411
[3596:10568:0913/220357.691:VERBOSE1:chrome\browser\web_applications\locks\partitioned_lock_manager.cc:243] All locks acquired for StartInstallationTask@chrome\browser\web_applications\externally_managed_app_manager.cc:411
[3596:10568:0913/220357.691:VERBOSE1:chrome\browser\web_applications\locks\partitioned_lock_manager.cc:286] Releasing <PartitionedLockId>{id: 0x31, partition: 0} requested by MaybeStartNext@chrome\browser\web_applications\externally_managed_app_manager.cc:271
[12916:2912:0913/220357.812:VERBOSE1:base\allocator\scheduler_loop_quarantine_config.cc:195] No entry found for renderer/global.
[12916:2912:0913/220357.812:VERBOSE1:base\allocator\scheduler_loop_quarantine_config.cc:195] No entry found for renderer/*.
[12916:2912:0913/220357.813:VERBOSE1:base\allocator\scheduler_loop_quarantine_config.cc:195] No entry found for renderer/main.
[12916:2912:0913/220357.821:INFO:third_party\webrtc\rtc_base\cpu_info.cc:77] Available number of cores: 4
[12916:2912:0913/220357.888:VERBOSE1:extensions\renderer\script_context.cc:150] Created context:
  extension id:           (none)
  frame:                  0x29b402031738
  URL:                    
  context_type:           WEB_PAGE
  effective extension id: (none)
  effective context type: WEB_PAGE
[12916:2912:0913/220357.921:VERBOSE1:extensions\renderer\script_context.cc:150] Created context:
  extension id:           (none)
  frame:                  (nil)
  URL:                    
  context_type:           UNSPECIFIED
  effective extension id: (none)
  effective context type: UNSPECIFIED
[12916:2912:0913/220357.921:VERBOSE1:extensions\renderer\dispatcher.cc:487] Num tracked contexts: 1
[3596:10568:0913/220358.375:VERBOSE1:chrome\browser\web_applications\locks\partitioned_lock_manager.cc:262] Acquiring <PartitionedLockId>{id: 0x31, partition: 0} for InstallFromInfo@chrome\browser\web_applications\commands\external_app_resolution_command.cc:800
[3596:10568:0913/220358.375:VERBOSE1:chrome\browser\web_applications\locks\partitioned_lock_manager.cc:262] Acquiring <PartitionedLockId>{id: 0x6b65666a6c65646f6e6b6c696a6f706d6e6f6d6c6362706c6c63686169626167, partition: 1} for InstallFromInfo@chrome\browser\web_applications\commands\external_app_resolution_command.cc:800
[3596:10568:0913/220358.375:VERBOSE1:chrome\browser\web_applications\locks\partitioned_lock_manager.cc:243] All locks acquired for InstallFromInfo@chrome\browser\web_applications\commands\external_app_resolution_command.cc:800
[3596:10568:0913/220358.610:VERBOSE1:chrome\browser\profiles\profile_manager.cc:1405] AddKeepAlive(Default, kWebAppUpdate). keep_alives=[kBrowserWindow (1), kExtensionUpdater (1), kWebAppUpdate (1)]
[3596:10568:0913/220358.610:VERBOSE1:chrome\browser\web_applications\locks\partitioned_lock_manager.cc:286] Releasing <PartitionedLockId>{id: 0x6b65666a6c65646f6e6b6c696a6f706d6e6f6d6c6362706c6c63686169626167, partition: 1} requested by InstallFromInfo@chrome\browser\web_applications\commands\external_app_resolution_command.cc:800
[3596:10568:0913/220358.610:VERBOSE1:chrome\browser\web_applications\locks\partitioned_lock_manager.cc:286] Releasing <PartitionedLockId>{id: 0x31, partition: 0} requested by InstallFromInfo@chrome\browser\web_applications\commands\external_app_resolution_command.cc:800
[3596:10568:0913/220358.611:VERBOSE1:chrome\browser\web_applications\locks\partitioned_lock_manager.cc:318] Acquiring <PartitionedLockId>{id: 0x31, partition: 0} for AdjustAppStateBeforeCommit@chrome\browser\web_applications\jobs\finalize_install_job.cc:658
[3596:10568:0913/220358.611:VERBOSE1:chrome\browser\web_applications\locks\partitioned_lock_manager.cc:243] All locks acquired for AdjustAppStateBeforeCommit@chrome\browser\web_applications\jobs\finalize_install_job.cc:658
[3596:10568:0913/220358.611:VERBOSE1:chrome\browser\web_applications\locks\partitioned_lock_manager.cc:286] Releasing <PartitionedLockId>{id: 0x30, partition: 0} requested by StartInstallationTask@chrome\browser\web_applications\externally_managed_app_manager.cc:411
[3596:10568:0913/220358.611:VERBOSE1:chrome\browser\profiles\profile_manager.cc:1466] RemoveKeepAlive(Default, kWebAppUpdate). keep_alives=[kBrowserWindow (1), kExtensionUpdater (1)]
[3596:10568:0913/220358.611:VERBOSE1:chrome\browser\web_applications\locks\partitioned_lock_manager.cc:286] Releasing <PartitionedLockId>{id: 0x31, partition: 0} requested by AdjustAppStateBeforeCommit@chrome\browser\web_applications\jobs\finalize_install_job.cc:658
[3596:10568:0913/220358.614:VERBOSE1:chrome\browser\web_applications\locks\partitioned_lock_manager.cc:262] Acquiring <PartitionedLockId>{id: 0x31, partition: 0} for MaybeStartNext@chrome\browser\web_applications\externally_managed_app_manager.cc:271
[3596:10568:0913/220358.614:VERBOSE1:chrome\browser\web_applications\locks\partitioned_lock_manager.cc:243] All locks acquired for MaybeStartNext@chrome\browser\web_applications\externally_managed_app_manager.cc:271
[3596:10568:0913/220358.615:VERBOSE1:chrome\browser\web_applications\locks\partitioned_lock_manager.cc:262] Acquiring <PartitionedLockId>{id: 0x30, partition: 0} for StartInstallationTask@chrome\browser\web_applications\externally_managed_app_manager.cc:411
[3596:10568:0913/220358.615:VERBOSE1:chrome\browser\web_applications\locks\partitioned_lock_manager.cc:243] All locks acquired for StartInstallationTask@chrome\browser\web_applications\externally_managed_app_manager.cc:411
[3596:10568:0913/220358.616:VERBOSE1:chrome\browser\web_applications\locks\partitioned_lock_manager.cc:286] Releasing <PartitionedLockId>{id: 0x31, partition: 0} requested by MaybeStartNext@chrome\browser\web_applications\externally_managed_app_manager.cc:271
[10972:4108:0913/220358.704:VERBOSE1:base\allocator\scheduler_loop_quarantine_config.cc:195] No entry found for renderer/global.
[10972:4108:0913/220358.704:VERBOSE1:base\allocator\scheduler_loop_quarantine_config.cc:195] No entry found for renderer/*.
[10972:4108:0913/220358.705:VERBOSE1:base\allocator\scheduler_loop_quarantine_config.cc:195] No entry found for renderer/main.
[10972:4108:0913/220358.716:INFO:third_party\webrtc\rtc_base\cpu_info.cc:77] Available number of cores: 4
[10972:4108:0913/220358.774:VERBOSE1:extensions\renderer\script_context.cc:150] Created context:
  extension id:           (none)
  frame:                  0x599402031738
  URL:                    
  context_type:           WEB_PAGE
  effective extension id: (none)
  effective context type: WEB_PAGE
[10972:4108:0913/220358.775:VERBOSE1:extensions\renderer\script_context.cc:150] Created context:
  extension id:           (none)
  frame:                  (nil)
  URL:                    
  context_type:           UNSPECIFIED
  effective extension id: (none)
  effective context type: UNSPECIFIED
[10972:4108:0913/220358.775:VERBOSE1:extensions\renderer\dispatcher.cc:487] Num tracked contexts: 1
[3596:10568:0913/220358.778:VERBOSE1:chrome\browser\web_applications\locks\partitioned_lock_manager.cc:262] Acquiring <PartitionedLockId>{id: 0x31, partition: 0} for InstallFromInfo@chrome\browser\web_applications\commands\external_app_resolution_command.cc:800
[3596:10568:0913/220358.779:VERBOSE1:chrome\browser\web_applications\locks\partitioned_lock_manager.cc:262] Acquiring <PartitionedLockId>{id: 0x6167696d6e6b696a636161686e6763646d6665616e67616b6e6d6c646f6f6d6c, partition: 1} for InstallFromInfo@chrome\browser\web_applications\commands\external_app_resolution_command.cc:800
[3596:10568:0913/220358.779:VERBOSE1:chrome\browser\web_applications\locks\partitioned_lock_manager.cc:243] All locks acquired for InstallFromInfo@chrome\browser\web_applications\commands\external_app_resolution_command.cc:800
[3596:21592:0913/220358.792:VERBOSE1:content\browser\renderer_host\media\media_stream_manager.cc:1544] MSPL::OnSpeedLimitChange({id=0EC03B5642ECE403008A596C055B90C3}, {new_limit=51})
[3596:10568:0913/220358.967:VERBOSE1:chrome\browser\profiles\profile_manager.cc:1405] AddKeepAlive(Default, kWebAppUpdate). keep_alives=[kBrowserWindow (1), kExtensionUpdater (1), kWebAppUpdate (1)]
[3596:10568:0913/220358.968:VERBOSE1:chrome\browser\web_applications\locks\partitioned_lock_manager.cc:286] Releasing <PartitionedLockId>{id: 0x6167696d6e6b696a636161686e6763646d6665616e67616b6e6d6c646f6f6d6c, partition: 1} requested by InstallFromInfo@chrome\browser\web_applications\commands\external_app_resolution_command.cc:800
[3596:10568:0913/220358.968:VERBOSE1:chrome\browser\web_applications\locks\partitioned_lock_manager.cc:286] Releasing <PartitionedLockId>{id: 0x31, partition: 0} requested by InstallFromInfo@chrome\browser\web_applications\commands\external_app_resolution_command.cc:800
[3596:10568:0913/220358.968:VERBOSE1:chrome\browser\web_applications\locks\partitioned_lock_manager.cc:318] Acquiring <PartitionedLockId>{id: 0x31, partition: 0} for AdjustAppStateBeforeCommit@chrome\browser\web_applications\jobs\finalize_install_job.cc:658
[3596:10568:0913/220358.968:VERBOSE1:chrome\browser\web_applications\locks\partitioned_lock_manager.cc:243] All locks acquired for AdjustAppStateBeforeCommit@chrome\browser\web_applications\jobs\finalize_install_job.cc:658
[3596:10568:0913/220358.968:VERBOSE1:chrome\browser\web_applications\locks\partitioned_lock_manager.cc:286] Releasing <PartitionedLockId>{id: 0x30, partition: 0} requested by StartInstallationTask@chrome\browser\web_applications\externally_managed_app_manager.cc:411
[3596:10568:0913/220358.968:VERBOSE1:chrome\browser\profiles\profile_manager.cc:1466] RemoveKeepAlive(Default, kWebAppUpdate). keep_alives=[kBrowserWindow (1), kExtensionUpdater (1)]
[3596:10568:0913/220358.968:VERBOSE1:chrome\browser\web_applications\locks\partitioned_lock_manager.cc:286] Releasing <PartitionedLockId>{id: 0x31, partition: 0} requested by AdjustAppStateBeforeCommit@chrome\browser\web_applications\jobs\finalize_install_job.cc:658
[3596:10568:0913/220358.970:VERBOSE1:chrome\browser\web_applications\locks\partitioned_lock_manager.cc:262] Acquiring <PartitionedLockId>{id: 0x31, partition: 0} for MaybeStartNext@chrome\browser\web_applications\externally_managed_app_manager.cc:271
[3596:10568:0913/220358.970:VERBOSE1:chrome\browser\web_applications\locks\partitioned_lock_manager.cc:243] All locks acquired for MaybeStartNext@chrome\browser\web_applications\externally_managed_app_manager.cc:271
[3596:10568:0913/220358.971:VERBOSE1:chrome\browser\web_applications\locks\partitioned_lock_manager.cc:262] Acquiring <PartitionedLockId>{id: 0x30, partition: 0} for StartInstallationTask@chrome\browser\web_applications\externally_managed_app_manager.cc:411
[3596:10568:0913/220358.971:VERBOSE1:chrome\browser\web_applications\locks\partitioned_lock_manager.cc:243] All locks acquired for StartInstallationTask@chrome\browser\web_applications\externally_managed_app_manager.cc:411
[3596:10568:0913/220358.971:VERBOSE1:chrome\browser\web_applications\locks\partitioned_lock_manager.cc:286] Releasing <PartitionedLockId>{id: 0x31, partition: 0} requested by MaybeStartNext@chrome\browser\web_applications\externally_managed_app_manager.cc:271
[9468:19576:0913/220359.070:VERBOSE1:base\allocator\scheduler_loop_quarantine_config.cc:195] No entry found for renderer/global.
[9468:19576:0913/220359.070:VERBOSE1:base\allocator\scheduler_loop_quarantine_config.cc:195] No entry found for renderer/*.
[9468:19576:0913/220359.071:VERBOSE1:base\allocator\scheduler_loop_quarantine_config.cc:195] No entry found for renderer/main.
[9468:19576:0913/220359.079:INFO:third_party\webrtc\rtc_base\cpu_info.cc:77] Available number of cores: 4
[9468:19576:0913/220359.130:VERBOSE1:extensions\renderer\script_context.cc:150] Created context:
  extension id:           (none)
  frame:                  0x19c02031738
  URL:                    
  context_type:           WEB_PAGE
  effective extension id: (none)
  effective context type: WEB_PAGE
[9468:19576:0913/220359.132:VERBOSE1:extensions\renderer\script_context.cc:150] Created context:
  extension id:           (none)
  frame:                  (nil)
  URL:                    
  context_type:           UNSPECIFIED
  effective extension id: (none)
  effective context type: UNSPECIFIED
[9468:19576:0913/220359.132:VERBOSE1:extensions\renderer\dispatcher.cc:487] Num tracked contexts: 1
[3596:10568:0913/220359.137:VERBOSE1:chrome\browser\web_applications\locks\partitioned_lock_manager.cc:262] Acquiring <PartitionedLockId>{id: 0x31, partition: 0} for InstallFromInfo@chrome\browser\web_applications\commands\external_app_resolution_command.cc:800
[3596:10568:0913/220359.137:VERBOSE1:chrome\browser\web_applications\locks\partitioned_lock_manager.cc:262] Acquiring <PartitionedLockId>{id: 0x706f6d6d61636c6362666768636c68616c626f616b636970636d6d6e6468636a, partition: 1} for InstallFromInfo@chrome\browser\web_applications\commands\external_app_resolution_command.cc:800
[3596:10568:0913/220359.137:VERBOSE1:chrome\browser\web_applications\locks\partitioned_lock_manager.cc:243] All locks acquired for InstallFromInfo@chrome\browser\web_applications\commands\external_app_resolution_command.cc:800
[3596:10568:0913/220359.299:VERBOSE1:chrome\browser\profiles\profile_manager.cc:1405] AddKeepAlive(Default, kWebAppUpdate). keep_alives=[kBrowserWindow (1), kExtensionUpdater (1), kWebAppUpdate (1)]
[3596:10568:0913/220359.299:VERBOSE1:chrome\browser\web_applications\locks\partitioned_lock_manager.cc:286] Releasing <PartitionedLockId>{id: 0x706f6d6d61636c6362666768636c68616c626f616b636970636d6d6e6468636a, partition: 1} requested by InstallFromInfo@chrome\browser\web_applications\commands\external_app_resolution_command.cc:800
[3596:10568:0913/220359.299:VERBOSE1:chrome\browser\web_applications\locks\partitioned_lock_manager.cc:286] Releasing <PartitionedLockId>{id: 0x31, partition: 0} requested by InstallFromInfo@chrome\browser\web_applications\commands\external_app_resolution_command.cc:800
[3596:10568:0913/220359.299:VERBOSE1:chrome\browser\web_applications\locks\partitioned_lock_manager.cc:318] Acquiring <PartitionedLockId>{id: 0x31, partition: 0} for AdjustAppStateBeforeCommit@chrome\browser\web_applications\jobs\finalize_install_job.cc:658
[3596:10568:0913/220359.299:VERBOSE1:chrome\browser\web_applications\locks\partitioned_lock_manager.cc:243] All locks acquired for AdjustAppStateBeforeCommit@chrome\browser\web_applications\jobs\finalize_install_job.cc:658
[3596:10568:0913/220359.299:VERBOSE1:chrome\browser\web_applications\locks\partitioned_lock_manager.cc:286] Releasing <PartitionedLockId>{id: 0x30, partition: 0} requested by StartInstallationTask@chrome\browser\web_applications\externally_managed_app_manager.cc:411
[3596:10568:0913/220359.300:VERBOSE1:chrome\browser\profiles\profile_manager.cc:1466] RemoveKeepAlive(Default, kWebAppUpdate). keep_alives=[kBrowserWindow (1), kExtensionUpdater (1)]
[3596:10568:0913/220359.300:VERBOSE1:chrome\browser\web_applications\locks\partitioned_lock_manager.cc:286] Releasing <PartitionedLockId>{id: 0x31, partition: 0} requested by AdjustAppStateBeforeCommit@chrome\browser\web_applications\jobs\finalize_install_job.cc:658
[3596:10568:0913/220359.300:VERBOSE1:chrome\browser\web_applications\locks\partitioned_lock_manager.cc:318] Acquiring <PartitionedLockId>{id: 0x31, partition: 0} for ContinueSynchronization@chrome\browser\web_applications\externally_managed_app_manager.cc:736
[3596:10568:0913/220359.300:VERBOSE1:chrome\browser\web_applications\locks\partitioned_lock_manager.cc:243] All locks acquired for ContinueSynchronization@chrome\browser\web_applications\externally_managed_app_manager.cc:736
[3596:10568:0913/220359.304:VERBOSE1:chrome\browser\web_applications\locks\partitioned_lock_manager.cc:286] Releasing <PartitionedLockId>{id: 0x31, partition: 0} requested by ContinueSynchronization@chrome\browser\web_applications\externally_managed_app_manager.cc:736
[3596:10568:0913/220359.304:VERBOSE1:chrome\browser\web_applications\locks\partitioned_lock_manager.cc:318] Acquiring <PartitionedLockId>{id: 0x31, partition: 0} for MaybeStartNext@chrome\browser\web_applications\externally_managed_app_manager.cc:271
[3596:10568:0913/220359.304:VERBOSE1:chrome\browser\web_applications\locks\partitioned_lock_manager.cc:243] All locks acquired for MaybeStartNext@chrome\browser\web_applications\externally_managed_app_manager.cc:271
[3596:10568:0913/220359.305:VERBOSE1:chrome\browser\web_applications\locks\partitioned_lock_manager.cc:286] Releasing <PartitionedLockId>{id: 0x31, partition: 0} requested by MaybeStartNext@chrome\browser\web_applications\externally_managed_app_manager.cc:271
[3596:21592:0913/220359.805:VERBOSE1:content\browser\renderer_host\media\media_stream_manager.cc:1544] MSPL::OnSpeedLimitChange({id=0EC03B5642ECE403008A596C055B90C3}, {new_limit=52})
[3596:10568:0913/220401.001:VERBOSE1:chrome\updater\ipc\update_service_proxy_mojo.cc:194] GetVersion
[3596:10568:0913/220401.001:VERBOSE1:chrome\updater\ipc\update_service_proxy_mojo.cc:446] EnsureConnecting
[3596:10568:0913/220401.824:VERBOSE1:chrome\updater\ipc\update_service_proxy_mojo.cc:395] OnConnected
[3596:10568:0913/220401.837:VERBOSE1:chrome\browser\updater\browser_updater_client.cc:96] Detected updater version: 152.0.7933.0
[3596:10568:0913/220401.839:VERBOSE1:chrome\updater\ipc\update_service_proxy_mojo.cc:441] ~UpdateServiceProxyMojoImpl
[3596:10568:0913/220407.231:WARNING:chrome\browser\performance_manager\policies\page_discarding_helper.cc:158] Discarding multiple pages with target (kb): 0, discard_protected_tabs: 0
[3596:21592:0913/220408.954:VERBOSE1:content\browser\renderer_host\media\media_stream_manager.cc:1544] MSPL::OnSpeedLimitChange({id=0EC03B5642ECE403008A596C055B90C3}, {new_limit=51})
[3596:21592:0913/220409.962:VERBOSE1:content\browser\renderer_host\media\media_stream_manager.cc:1544] MSPL::OnSpeedLimitChange({id=0EC03B5642ECE403008A596C055B90C3}, {new_limit=50})
[3596:10568:0913/220412.236:WARNING:chrome\browser\performance_manager\policies\page_discarding_helper.cc:158] Discarding multiple pages with target (kb): 0, discard_protected_tabs: 0
[15988:9212:0913/220412.244:VERBOSE1:base\allocator\scheduler_loop_quarantine_config.cc:195] No entry found for utility.chr..jom.UtilWin/global.
[15988:9212:0913/220412.244:VERBOSE1:base\allocator\scheduler_loop_quarantine_config.cc:195] No entry found for utility.chrome.mojom.UtilWin/*.
[15988:9212:0913/220412.245:VERBOSE1:base\allocator\scheduler_loop_quarantine_config.cc:195] No entry found for utility.chro..ojom.UtilWin/main.
[14260:22160:0913/220412.294:VERBOSE1:base\allocator\scheduler_loop_quarantine_config.cc:195] No entry found for utility.chr..jom.UtilWin/global.
[14260:22160:0913/220412.294:VERBOSE1:base\allocator\scheduler_loop_quarantine_config.cc:195] No entry found for utility.chrome.mojom.UtilWin/*.
[14260:22160:0913/220412.294:VERBOSE1:base\allocator\scheduler_loop_quarantine_config.cc:195] No entry found for utility.chro..ojom.UtilWin/main.
[3596:10568:0913/220417.243:WARNING:chrome\browser\performance_manager\policies\page_discarding_helper.cc:158] Discarding multiple pages with target (kb): 0, discard_protected_tabs: 0
[12800:15272:0913/220418.398:VERBOSE1:extensions\renderer\script_context.cc:163] Destroyed context for extension
  extension id: fignfifoniblkonapihmkfakmlgkbkcf
  effective extension id: fignfifoniblkonapihmkfakmlgkbkcf
[12800:15272:0913/220418.399:VERBOSE1:extensions\renderer\script_context.cc:163] Destroyed context for extension
  extension id: 
  effective extension id: 
[7224:21816:0913/220418.628:VERBOSE1:net\base\network_delegate.cc:38] NetworkDelegate::NotifyBeforeURLRequest: https://android.clients.google.com/checkin
[7224:21816:0913/220420.002:VERBOSE1:net\base\network_delegate.cc:38] NetworkDelegate::NotifyBeforeURLRequest: https://android.clients.google.com/c2dm/register3
[7224:21816:0913/220420.003:VERBOSE1:net\base\network_delegate.cc:38] NetworkDelegate::NotifyBeforeURLRequest: https://android.clients.google.com/c2dm/register3
[7224:21816:0913/220420.003:VERBOSE1:net\base\network_delegate.cc:38] NetworkDelegate::NotifyBeforeURLRequest: https://android.clients.google.com/c2dm/register3
[7224:21816:0913/220420.003:VERBOSE1:net\third_party\quiche\src\quiche\quic\core\tls_handshaker.cc:109] TlsClient: Continuing handshake
[7224:21816:0913/220420.223:VERBOSE1:net\third_party\quiche\src\quiche\quic\core\tls_handshaker.cc:109] TlsClient: Continuing handshake
[7224:21816:0913/220420.224:VERBOSE1:net\third_party\quiche\src\quiche\quic\core\tls_handshaker.cc:109] TlsClient: Continuing handshake
[7224:21816:0913/220420.225:VERBOSE1:net\third_party\quiche\src\quiche\quic\core\tls_handshaker.cc:109] TlsClient: Continuing handshake
[7224:21816:0913/220420.226:VERBOSE1:net\third_party\quiche\src\quiche\quic\core\tls_handshaker.cc:109] TlsClient: Continuing handshake
[7224:21816:0913/220420.228:VERBOSE1:net\third_party\quiche\src\quiche\quic\core\tls_handshaker.cc:109] TlsClient: Continuing handshake
[3596:21592:0913/220420.322:ERROR:google_apis\gcm\engine\registration_request.cc:291] Registration response error message: PHONE_REGISTRATION_ERROR
[3596:21592:0913/220420.322:VERBOSE1:google_apis\gcm\engine\registration_request.cc:256] Delaying GCM registration of app: com.google.android.gms, for 23826 milliseconds.
[3596:21592:0913/220420.323:ERROR:google_apis\gcm\engine\registration_request.cc:291] Registration response error message: PHONE_REGISTRATION_ERROR
[3596:21592:0913/220420.323:VERBOSE1:google_apis\gcm\engine\registration_request.cc:256] Delaying GCM registration of app: com.google.chrome.fcm.invalidations-245350905893, for 24095 milliseconds.
[3596:21592:0913/220420.330:ERROR:google_apis\gcm\engine\registration_request.cc:291] Registration response error message: PHONE_REGISTRATION_ERROR
[3596:21592:0913/220420.330:VERBOSE1:google_apis\gcm\engine\registration_request.cc:256] Delaying GCM registration of app: com.google.chrome.fcm.invalidations-585406161706, for 20655 milliseconds.
[3596:21592:0913/220420.799:ERROR:google_apis\gcm\engine\mcs_client.cc:702]   Error code: 401  Error message: Authentication Failed: wrong_secret
[3596:21592:0913/220420.799:ERROR:google_apis\gcm\engine\mcs_client.cc:704] Failed to log in to GCM, resetting connection.
[7224:21816:0913/220421.032:VERBOSE1:net\third_party\quiche\src\quiche\quic\core\tls_handshaker.cc:109] TlsClient: Continuing handshake
[7224:21816:0913/220421.294:VERBOSE1:net\third_party\quiche\src\quiche\quic\core\tls_handshaker.cc:109] TlsClient: Continuing handshake
[7224:21816:0913/220421.294:VERBOSE1:net\third_party\quiche\src\quiche\quic\core\tls_handshaker.cc:109] TlsClient: Continuing handshake
[7224:21816:0913/220421.295:VERBOSE1:net\third_party\quiche\src\quiche\quic\core\tls_handshaker.cc:109] TlsClient: Continuing handshake
[7224:21816:0913/220421.297:VERBOSE1:net\third_party\quiche\src\quiche\quic\core\tls_handshaker.cc:109] TlsClient: Continuing handshake
[3596:10568:0913/220427.254:WARNING:chrome\browser\performance_manager\policies\page_discarding_helper.cc:158] Discarding multiple pages with target (kb): 0, discard_protected_tabs: 0
[7224:21816:0913/220432.251:VERBOSE1:net\base\network_delegate.cc:38] NetworkDelegate::NotifyBeforeURLRequest: https://optimizationguide-pa.googleapis.com/downloads?name=1679317318&target=OPTIMIZATION_TARGET_LANGUAGE_DETECTION
[7224:21816:0913/220432.255:VERBOSE1:net\base\network_delegate.cc:38] NetworkDelegate::NotifyBeforeURLRequest: https://optimizationguide-pa.googleapis.com/downloads?name=1783972948&target=OPTIMIZATION_TARGET_NOTIFICATION_PERMISSION_PREDICTIONS
[5076:22088:0913/220433.469:VERBOSE1:base\allocator\scheduler_loop_quarantine_config.cc:195] No entry found for utility.qua...Quarantine/global.
[5076:22088:0913/220433.470:VERBOSE1:base\allocator\scheduler_loop_quarantine_config.cc:195] No entry found for utility.quara..om.Quarantine/*.
[5076:22088:0913/220433.470:VERBOSE1:base\allocator\scheduler_loop_quarantine_config.cc:195] No entry found for utility.quar..m.Quarantine/main.
[16868:22788:0913/220433.693:VERBOSE1:base\allocator\scheduler_loop_quarantine_config.cc:195] No entry found for utility.qua...Quarantine/global.
[16868:22788:0913/220433.693:VERBOSE1:base\allocator\scheduler_loop_quarantine_config.cc:195] No entry found for utility.quara..om.Quarantine/*.
[16868:22788:0913/220433.693:VERBOSE1:base\allocator\scheduler_loop_quarantine_config.cc:195] No entry found for utility.quar..m.Quarantine/main.
[7224:21816:0913/220435.125:VERBOSE1:net\base\network_delegate.cc:38] NetworkDelegate::NotifyBeforeURLRequest: https://optimizationguide-pa.googleapis.com/downloads?name=1673999601&target=OPTIMIZATION_TARGET_PAGE_VISIBILITY
[7224:21816:0913/220435.126:VERBOSE1:net\third_party\quiche\src\quiche\quic\core\tls_handshaker.cc:109] TlsClient: Continuing handshake
[7224:21816:0913/220435.133:VERBOSE1:net\base\network_delegate.cc:38] NetworkDelegate::NotifyBeforeURLRequest: https://optimizationguide-pa.googleapis.com/downloads?name=1783972936&target=OPTIMIZATION_TARGET_GEOLOCATION_PERMISSION_PREDICTIONS
[7224:21816:0913/220435.216:VERBOSE1:net\third_party\quiche\src\quiche\quic\core\tls_handshaker.cc:109] TlsClient: Continuing handshake
[7224:21816:0913/220435.216:VERBOSE1:net\third_party\quiche\src\quiche\quic\core\tls_handshaker.cc:109] TlsClient: Continuing handshake
[7224:21816:0913/220435.227:VERBOSE1:net\third_party\quiche\src\quiche\quic\core\tls_handshaker.cc:109] TlsClient: Continuing handshake
[7224:21816:0913/220435.227:VERBOSE1:net\third_party\quiche\src\quiche\quic\core\tls_handshaker.cc:109] TlsClient: Continuing handshake
[7224:21816:0913/220435.232:VERBOSE1:net\third_party\quiche\src\quiche\quic\core\tls_handshaker.cc:109] TlsClient: Continuing handshake
[7224:21816:0913/220435.415:VERBOSE1:components\domain_reliability\scheduler.cc:184] Scheduling upload for between 60 and 300 seconds from now.
[5396:22916:0913/220435.620:VERBOSE1:base\allocator\scheduler_loop_quarantine_config.cc:195] No entry found for utility.qua...Quarantine/global.
[5396:22916:0913/220435.621:VERBOSE1:base\allocator\scheduler_loop_quarantine_config.cc:195] No entry found for utility.quara..om.Quarantine/*.
[5396:22916:0913/220435.621:VERBOSE1:base\allocator\scheduler_loop_quarantine_config.cc:195] No entry found for utility.quar..m.Quarantine/main.
[17912:23364:0913/220436.819:VERBOSE1:base\allocator\scheduler_loop_quarantine_config.cc:195] No entry found for utility.qua...Quarantine/global.
[17912:23364:0913/220436.819:VERBOSE1:base\allocator\scheduler_loop_quarantine_config.cc:195] No entry found for utility.quara..om.Quarantine/*.
[17912:23364:0913/220436.820:VERBOSE1:base\allocator\scheduler_loop_quarantine_config.cc:195] No entry found for utility.quar..m.Quarantine/main.
[7224:21816:0913/220436.942:VERBOSE1:net\base\network_delegate.cc:38] NetworkDelegate::NotifyBeforeURLRequest: https://optimizationguide-pa.googleapis.com/downloads?name=1728324084&target=OPTIMIZATION_TARGET_OMNIBOX_ON_DEVICE_TAIL_SUGGEST
[7224:21816:0913/220438.105:VERBOSE1:net\base\network_delegate.cc:38] NetworkDelegate::NotifyBeforeURLRequest: https://optimizationguide-pa.googleapis.com/downloads?name=1781017313&target=OPTIMIZATION_TARGET_CLIENT_SIDE_PHISHING
[12824:16816:0913/220438.688:VERBOSE1:base\allocator\scheduler_loop_quarantine_config.cc:195] No entry found for utility.unz..om.Unzipper/global.
[12824:16816:0913/220438.688:VERBOSE1:base\allocator\scheduler_loop_quarantine_config.cc:195] No entry found for utility.unzip.mojom.Unzipper/*.
[12824:16816:0913/220438.688:VERBOSE1:base\allocator\scheduler_loop_quarantine_config.cc:195] No entry found for utility.unzi..jom.Unzipper/main.
[3156:20308:0913/220438.719:VERBOSE1:base\allocator\scheduler_loop_quarantine_config.cc:195] No entry found for utility.unz..om.Unzipper/global.
[3156:20308:0913/220438.719:VERBOSE1:base\allocator\scheduler_loop_quarantine_config.cc:195] No entry found for utility.unzip.mojom.Unzipper/*.
[3156:20308:0913/220438.719:VERBOSE1:base\allocator\scheduler_loop_quarantine_config.cc:195] No entry found for utility.unzi..jom.Unzipper/main.
[22596:2312:0913/220438.824:VERBOSE1:base\allocator\scheduler_loop_quarantine_config.cc:195] No entry found for utility.unz..om.Unzipper/global.
[22596:2312:0913/220438.824:VERBOSE1:base\allocator\scheduler_loop_quarantine_config.cc:195] No entry found for utility.unzip.mojom.Unzipper/*.
[22596:2312:0913/220438.824:VERBOSE1:base\allocator\scheduler_loop_quarantine_config.cc:195] No entry found for utility.unzi..jom.Unzipper/main.
[22936:2628:0913/220438.940:VERBOSE1:base\allocator\scheduler_loop_quarantine_config.cc:195] No entry found for utility.unz..om.Unzipper/global.
[22936:2628:0913/220438.940:VERBOSE1:base\allocator\scheduler_loop_quarantine_config.cc:195] No entry found for utility.unzip.mojom.Unzipper/*.
[22936:2628:0913/220438.940:VERBOSE1:base\allocator\scheduler_loop_quarantine_config.cc:195] No entry found for utility.unzi..jom.Unzipper/main.
[7224:21816:0913/220440.988:VERBOSE1:net\base\network_delegate.cc:38] NetworkDelegate::NotifyBeforeURLRequest: https://android.clients.google.com/c2dm/register3
[7224:21816:0913/220442.693:VERBOSE1:net\base\network_delegate.cc:38] NetworkDelegate::NotifyBeforeURLRequest: https://update.googleapis.com/service/update2/json?cup2key=16:GLqan2cxL1bZfwBhtycBCMQud1BPDYT1vPLpXgTKJF0&cup2hreq=4b16879da1f092673999eedc36ee9b226655fce2491585a06326eca20d04653f
[3596:10568:0913/220442.953:VERBOSE1:components\signin\internal\identity_manager\mutable_profile_oauth2_token_service_delegate.cc:461] MutablePO2TS::RefreshTokenIsAvailable
[3596:10568:0913/220442.953:VERBOSE1:components\signin\internal\identity_manager\mutable_profile_oauth2_token_service_delegate.cc:461] MutablePO2TS::RefreshTokenIsAvailable
[3596:10568:0913/220442.953:VERBOSE1:components\signin\internal\identity_manager\mutable_profile_oauth2_token_service_delegate.cc:461] MutablePO2TS::RefreshTokenIsAvailable
[3596:10568:0913/220442.953:VERBOSE1:components\signin\internal\identity_manager\mutable_profile_oauth2_token_service_delegate.cc:461] MutablePO2TS::RefreshTokenIsAvailable
[3596:10568:0913/220443.644:VERBOSE1:components\segmentation_platform\internal\execution\model_executor_impl.cc:191] Segmentation model input:  feature 0: 1 feature 1: 0 feature 2: 0 feature 3: 0 feature 4: 0 feature 5: 0 feature 6: 0 feature 7: 0 feature 8: 0 feature 9: 0 for segment OPTIMIZATION_TARGET_SEGMENTATION_DEVICE_SWITCHER
[3596:10568:0913/220443.644:VERBOSE1:components\segmentation_platform\internal\execution\model_executor_impl.cc:220] Segmentation model result:  output 0: 0 output 1: 0 output 2: 0 output 3: 0 output 4: 0 output 5: 0 output 6: 0 output 7: 1 for segment OPTIMIZATION_TARGET_SEGMENTATION_DEVICE_SWITCHER
[3596:10568:0913/220443.644:VERBOSE1:components\segmentation_platform\internal\execution\model_executor_impl.cc:278] Model: OPTIMIZATION_TARGET_SEGMENTATION_DEVICE_SWITCHER version: 1 execution status: 0, output size: 8
[3596:10568:0913/220443.644:VERBOSE1:components\segmentation_platform\internal\selection\segment_result_provider.cc:29] ComputeDiscreteMapping: segment=: result=0, rank=0
[3596:10568:0913/220443.644:VERBOSE1:components\segmentation_platform\internal\selection\segment_result_provider.cc:359] OnModelExecuted: Default model executed successfully. Result: PredictionResult: timestamp: 13433790883646800 result 0: 0 result 1: 0 result 2: 0 result 3: 0 result 4: 0 result 5: 0 result 6: 0 result 7: 1 for segment OPTIMIZATION_TARGET_SEGMENTATION_DEVICE_SWITCHER
[3596:10568:0913/220443.646:VERBOSE1:components\segmentation_platform\internal\selection\request_dispatcher.cc:147] Computed result for device_switcher: Status: Succeeded output 0: NotSynced
[16152:4752:0913/220443.865:VERBOSE1:base\allocator\scheduler_loop_quarantine_config.cc:195] No entry found for utility.qua...Quarantine/global.
[16152:4752:0913/220443.865:VERBOSE1:base\allocator\scheduler_loop_quarantine_config.cc:195] No entry found for utility.quara..om.Quarantine/*.
[16152:4752:0913/220443.865:VERBOSE1:base\allocator\scheduler_loop_quarantine_config.cc:195] No entry found for utility.quar..m.Quarantine/main.
[3596:10568:0913/220444.133:VERBOSE1:components\update_client\request_sender.cc:339] Request completed from url: https://update.googleapis.com/service/update2/json?cup2key=16:GLqan2cxL1bZfwBhtycBCMQud1BPDYT1vPLpXgTKJF0&cup2hreq=4b16879da1f092673999eedc36ee9b226655fce2491585a06326eca20d04653f
[7224:21816:0913/220444.156:VERBOSE1:net\base\network_delegate.cc:38] NetworkDelegate::NotifyBeforeURLRequest: https://android.clients.google.com/c2dm/register3
[7776:10164:0913/220444.192:VERBOSE1:base\allocator\scheduler_loop_quarantine_config.cc:195] No entry found for utility.qua...Quarantine/global.
[7776:10164:0913/220444.192:VERBOSE1:base\allocator\scheduler_loop_quarantine_config.cc:195] No entry found for utility.quara..om.Quarantine/*.
[7776:10164:0913/220444.192:VERBOSE1:base\allocator\scheduler_loop_quarantine_config.cc:195] No entry found for utility.quar..m.Quarantine/main.
[3596:21592:0913/220444.347:ERROR:google_apis\gcm\engine\registration_request.cc:291] Registration response error message: DEPRECATED_ENDPOINT
[3596:21592:0913/220444.347:VERBOSE1:google_apis\gcm\engine\registration_request.cc:256] Delaying GCM registration of app: com.google.android.gms, for 45395 milliseconds.
[7224:21816:0913/220444.430:VERBOSE1:net\base\network_delegate.cc:38] NetworkDelegate::NotifyBeforeURLRequest: https://android.clients.google.com/c2dm/register3
[7224:21816:0913/220444.652:VERBOSE1:components\domain_reliability\scheduler.cc:123] Starting upload to collector 0.
[7224:21816:0913/220444.652:VERBOSE1:net\base\network_delegate.cc:38] NetworkDelegate::NotifyBeforeURLRequest: https://beacons.gcp.gvt2.com/domainreliability/upload
[3596:10568:0913/220444.653:VERBOSE1:chrome\browser\policy\cloud\fm_registration_token_uploader.cc:193] Client is missing for kUser scope
[7224:21816:0913/220445.192:VERBOSE1:components\domain_reliability\scheduler.cc:134] Upload to collector 0 succeeded.
[7224:21816:0913/220445.192:VERBOSE1:components\domain_reliability\scheduler.cc:184] Scheduling upload for between 60 and 300 seconds from now.
[7224:21816:0913/220445.206:VERBOSE1:net\base\network_delegate.cc:38] NetworkDelegate::NotifyBeforeURLRequest: https://optimizationguide-pa.googleapis.com/downloads?name=1696268326&target=OPTIMIZATION_TARGET_OMNIBOX_URL_SCORING
[3596:20512:0913/220445.305:VERBOSE1:components\update_client\background_downloader_win.cc:482] Starting BITS download for: http://edgedl.me.gvt1.com/edgedl/diffgen-puffin/gcmjkmgdlgnkkcocmoeiminaijmmjnii/fc1f961a8e1d6f22b29a01eb8f62d27d7f0f928ed1b230dfa8430cc20542c1bf
[7224:21816:0913/220445.490:VERBOSE1:net\base\network_delegate.cc:38] NetworkDelegate::NotifyBeforeURLRequest: https://optimizationguide-pa.googleapis.com/downloads?name=1770062312&target=OPTIMIZATION_TARGET_PASSAGE_EMBEDDER
[16916:12740:0913/220445.511:VERBOSE1:base\allocator\scheduler_loop_quarantine_config.cc:195] No entry found for utility.qua...Quarantine/global.
[16916:12740:0913/220445.512:VERBOSE1:base\allocator\scheduler_loop_quarantine_config.cc:195] No entry found for utility.quara..om.Quarantine/*.
[16916:12740:0913/220445.512:VERBOSE1:base\allocator\scheduler_loop_quarantine_config.cc:195] No entry found for utility.quar..m.Quarantine/main.
[7224:21816:0913/220445.817:VERBOSE1:net\base\network_delegate.cc:38] NetworkDelegate::NotifyBeforeURLRequest: https://clientservices.googleapis.com/uma/v2
[7224:21816:0913/220446.024:VERBOSE1:net\third_party\quiche\src\quiche\quic\core\tls_handshaker.cc:109] TlsClient: Continuing handshake
[7224:21816:0913/220446.116:VERBOSE1:net\third_party\quiche\src\quiche\quic\core\tls_handshaker.cc:109] TlsClient: Continuing handshake
[7224:21816:0913/220446.116:VERBOSE1:net\third_party\quiche\src\quiche\quic\core\tls_handshaker.cc:109] TlsClient: Continuing handshake
[7224:21816:0913/220446.136:VERBOSE1:net\third_party\quiche\src\quiche\quic\core\tls_handshaker.cc:109] TlsClient: Continuing handshake
[7224:21816:0913/220446.137:VERBOSE1:net\third_party\quiche\src\quiche\quic\core\tls_handshaker.cc:109] TlsClient: Continuing handshake
[7224:21816:0913/220446.138:VERBOSE1:net\third_party\quiche\src\quiche\quic\core\tls_handshaker.cc:109] TlsClient: Continuing handshake
[7460:16724:0913/220446.434:VERBOSE1:base\allocator\scheduler_loop_quarantine_config.cc:195] No entry found for utility.unz..om.Unzipper/global.
[7460:16724:0913/220446.434:VERBOSE1:base\allocator\scheduler_loop_quarantine_config.cc:195] No entry found for utility.unzip.mojom.Unzipper/*.
[7460:16724:0913/220446.434:VERBOSE1:base\allocator\scheduler_loop_quarantine_config.cc:195] No entry found for utility.unzi..jom.Unzipper/main.
[15988:18644:0913/220446.725:VERBOSE1:base\allocator\scheduler_loop_quarantine_config.cc:195] No entry found for utility.unz..om.Unzipper/global.
[15988:18644:0913/220446.725:VERBOSE1:base\allocator\scheduler_loop_quarantine_config.cc:195] No entry found for utility.unzip.mojom.Unzipper/*.
[15988:18644:0913/220446.726:VERBOSE1:base\allocator\scheduler_loop_quarantine_config.cc:195] No entry found for utility.unzi..jom.Unzipper/main.
[7224:21816:0913/220446.741:VERBOSE1:net\base\network_delegate.cc:38] NetworkDelegate::NotifyBeforeURLRequest: https://optimizationguide-pa.googleapis.com/downloads?name=240731042075&target=OPTIMIZATION_TARGET_SEGMENTATION_COMPOSE_PROMOTION
[20308:12492:0913/220447.169:VERBOSE1:base\allocator\scheduler_loop_quarantine_config.cc:195] No entry found for utility.unz..om.Unzipper/global.
[20308:12492:0913/220447.169:VERBOSE1:base\allocator\scheduler_loop_quarantine_config.cc:195] No entry found for utility.unzip.mojom.Unzipper/*.
[20308:12492:0913/220447.170:VERBOSE1:base\allocator\scheduler_loop_quarantine_config.cc:195] No entry found for utility.unzi..jom.Unzipper/main.
[23032:22520:0913/220447.648:VERBOSE1:base\allocator\scheduler_loop_quarantine_config.cc:195] No entry found for utility.qua...Quarantine/global.
[23032:22520:0913/220447.648:VERBOSE1:base\allocator\scheduler_loop_quarantine_config.cc:195] No entry found for utility.quara..om.Quarantine/*.
[23032:22520:0913/220447.649:VERBOSE1:base\allocator\scheduler_loop_quarantine_config.cc:195] No entry found for utility.quar..m.Quarantine/main.
[3596:10568:0913/220448.015:VERBOSE1:chrome\browser\policy\cloud\fm_registration_token_uploader.cc:193] Client is missing for kUser scope
[7664:22896:0913/220449.217:VERBOSE1:base\allocator\scheduler_loop_quarantine_config.cc:195] No entry found for utility.unz..om.Unzipper/global.
[7664:22896:0913/220449.217:VERBOSE1:base\allocator\scheduler_loop_quarantine_config.cc:195] No entry found for utility.unzip.mojom.Unzipper/*.
[7664:22896:0913/220449.217:VERBOSE1:base\allocator\scheduler_loop_quarantine_config.cc:195] No entry found for utility.unzi..jom.Unzipper/main.
[3596:10568:0913/220449.915:VERBOSE1:components\segmentation_platform\internal\signals\signal_filter_processor.cc:61] Segmentation platform started observing Session.TotalDuration
[3596:10568:0913/220449.915:VERBOSE1:components\segmentation_platform\internal\signals\signal_filter_processor.cc:61] Segmentation platform started observing Commerce.PriceDrops.ActiveTabNavigationComplete.IsProductDetailPage
[3596:10568:0913/220449.915:VERBOSE1:components\segmentation_platform\internal\signals\signal_filter_processor.cc:54] Segmentation platform started observing Autofill_PolledCreditCardSuggestions
[3596:10568:0913/220449.915:VERBOSE1:components\segmentation_platform\internal\signals\signal_filter_processor.cc:61] Segmentation platform started observing IOS.ParcelTracking.Tracked.AutoTrack
[3596:10568:0913/220449.915:VERBOSE1:components\segmentation_platform\internal\signals\signal_filter_processor.cc:61] Segmentation platform started observing Omnibox.SuggestionUsed.ClientSummarizedResultType
[3596:10568:0913/220449.915:VERBOSE1:components\segmentation_platform\internal\signals\signal_filter_processor.cc:54] Segmentation platform started observing MetadataWriter
[3596:10568:0913/220449.915:VERBOSE1:components\segmentation_platform\internal\signals\signal_filter_processor.cc:61] Segmentation platform started observing Sync.DeviceCount2
[3596:10568:0913/220449.915:VERBOSE1:components\segmentation_platform\internal\signals\signal_filter_processor.cc:61] Segmentation platform started observing Sync.DeviceCount2.Phone
[3596:10568:0913/220449.915:VERBOSE1:components\segmentation_platform\internal\signals\signal_filter_processor.cc:61] Segmentation platform started observing Sync.DeviceCount2.Desktop
[3596:10568:0913/220449.915:VERBOSE1:components\segmentation_platform\internal\signals\signal_filter_processor.cc:61] Segmentation platform started observing Sync.DeviceCount2.Tablet
[3596:10568:0913/220449.915:VERBOSE1:components\segmentation_platform\internal\signals\signal_filter_processor.cc:54] Segmentation platform started observing MobileBookmarkManagerOpen
[3596:10568:0913/220449.915:VERBOSE1:components\segmentation_platform\internal\signals\signal_filter_processor.cc:54] Segmentation platform started observing NewTabPage.MostVisited.Clicked
[3596:10568:0913/220449.915:VERBOSE1:components\segmentation_platform\internal\signals\signal_filter_processor.cc:54] Segmentation platform started observing TabGroup.Created.OpenInNewTab
[3596:10568:0913/220449.915:VERBOSE1:components\segmentation_platform\internal\signals\signal_filter_processor.cc:54] Segmentation platform started observing Android.HistoryPage.OpenItem
[3596:10568:0913/220449.915:VERBOSE1:components\segmentation_platform\internal\signals\signal_filter_processor.cc:54] Segmentation platform started observing MobileMenuRecentTabs
[3596:10568:0913/220449.915:VERBOSE1:components\segmentation_platform\internal\signals\signal_filter_processor.cc:61] Segmentation platform started observing PasswordManager.ManagePasswordsReferrer
[3596:10568:0913/220449.915:VERBOSE1:components\segmentation_platform\internal\signals\signal_filter_processor.cc:61] Segmentation platform started observing PasswordManager.ProfileStore.TotalAccountsHiRes3.WithScheme.Https
[3596:10568:0913/220449.915:VERBOSE1:components\segmentation_platform\internal\signals\signal_filter_processor.cc:61] Segmentation platform started observing PasswordManager.FillingAssistance
[3596:10568:0913/220449.915:VERBOSE1:components\segmentation_platform\internal\signals\signal_filter_processor.cc:61] Segmentation platform started observing PasswordManager.SavedPasswordIsGenerated
[3596:10568:0913/220449.915:VERBOSE1:components\segmentation_platform\internal\signals\signal_filter_processor.cc:61] Segmentation platform started observing PasswordManager.SaveUIDismissalReason
[3596:10568:0913/220449.915:VERBOSE1:components\segmentation_platform\internal\signals\signal_filter_processor.cc:61] Segmentation platform started observing PasswordManager.SaveUIDismissalReason
[3596:10568:0913/220449.915:VERBOSE1:components\segmentation_platform\internal\signals\signal_filter_processor.cc:61] Segmentation platform started observing IOS.CredentialExtension.IsEnabled.Startup
[3596:10568:0913/220449.915:VERBOSE1:components\segmentation_platform\internal\signals\signal_filter_processor.cc:61] Segmentation platform started observing Session.TotalDuration
[6088:22912:0913/220450.019:VERBOSE1:base\allocator\scheduler_loop_quarantine_config.cc:195] No entry found for utility.unz..om.Unzipper/global.
[6088:22912:0913/220450.019:VERBOSE1:base\allocator\scheduler_loop_quarantine_config.cc:195] No entry found for utility.unzip.mojom.Unzipper/*.
[6088:22912:0913/220450.019:VERBOSE1:base\allocator\scheduler_loop_quarantine_config.cc:195] No entry found for utility.unzi..jom.Unzipper/main.
[3596:16164:0913/220450.049:VERBOSE1:components\update_client\unpacker.cc:88] Verifying component: C:\portfolio\folio\.chrome-debug\component_crx_cache\1a7bce15b133e9626c1c823cf42daf6c0094c12a0bf5f78668be0d69e50a248d
[3596:16164:0913/220450.053:VERBOSE1:components\update_client\unpacker.cc:123] Unpacking in: C:\Users\HEETDA~1\AppData\Local\Temp\chrome_chrome_Unpacker_BeginUnzipping3596_849861508
[7224:21816:0913/220450.134:VERBOSE1:net\base\network_delegate.cc:38] NetworkDelegate::NotifyBeforeURLRequest: https://clientservices.googleapis.com/uma/v2
[22832:22816:0913/220450.136:VERBOSE1:base\allocator\scheduler_loop_quarantine_config.cc:195] No entry found for utility.unz..om.Unzipper/global.
[22832:22816:0913/220450.137:VERBOSE1:base\allocator\scheduler_loop_quarantine_config.cc:195] No entry found for utility.unzip.mojom.Unzipper/*.
[22832:22816:0913/220450.137:VERBOSE1:base\allocator\scheduler_loop_quarantine_config.cc:195] No entry found for utility.unzi..jom.Unzipper/main.
[3596:22108:0913/220450.165:VERBOSE1:components\component_updater\component_installer.cc:180] Install: version=9.71.0 current version=0.0.0.0
[3596:22108:0913/220450.165:VERBOSE1:components\component_updater\component_installer.cc:199] unpack_path=C:\Users\HEETDA~1\AppData\Local\Temp\chrome_chrome_Unpacker_BeginUnzipping3596_849861508 install_path=C:\portfolio\folio\.chrome-debug\Subresource Filter\Unindexed Rules\9.71.0
[3596:10568:0913/220450.168:VERBOSE1:components\component_updater\component_installer.cc:620] Component ready, version 9.71.0 in C:\portfolio\folio\.chrome-debug\Subresource Filter\Unindexed Rules\9.71.0
[7224:21816:0913/220450.170:VERBOSE1:net\base\network_delegate.cc:38] NetworkDelegate::NotifyBeforeURLRequest: https://update.googleapis.com/service/update2/json
[7224:21816:0913/220450.173:VERBOSE1:net\third_party\quiche\src\quiche\quic\core\tls_handshaker.cc:109] TlsClient: Continuing handshake
[7224:21816:0913/220450.771:VERBOSE1:net\third_party\quiche\src\quiche\quic\core\tls_handshaker.cc:109] TlsClient: Continuing handshake
[7224:21816:0913/220450.771:VERBOSE1:net\third_party\quiche\src\quiche\quic\core\tls_handshaker.cc:109] TlsClient: Continuing handshake
[7224:21816:0913/220450.849:VERBOSE1:net\third_party\quiche\src\quiche\quic\core\tls_handshaker.cc:109] TlsClient: Continuing handshake
[7224:21816:0913/220450.851:VERBOSE1:net\third_party\quiche\src\quiche\quic\core\tls_handshaker.cc:109] TlsClient: Continuing handshake
[3596:10568:0913/220450.950:VERBOSE1:components\update_client\request_sender.cc:339] Request completed from url: https://update.googleapis.com/service/update2/json
[3596:20512:0913/220457.046:VERBOSE1:components\update_client\background_downloader_win.cc:482] Starting BITS download for: http://edgedl.me.gvt1.com/edgedl/release2/chrome_component/adwfoteo2wqydyuqklkoezmhyzlq_742/lmelglejhemejginpboagddgdfbepgmp_742_all_ZZ_h74ykmiqkxxvo3bh4gktg2bhya.crx3
[6088:22852:0913/220515.690:VERBOSE1:base\allocator\scheduler_loop_quarantine_config.cc:195] No entry found for utility.qua...Quarantine/global.
[6088:22852:0913/220515.690:VERBOSE1:base\allocator\scheduler_loop_quarantine_config.cc:195] No entry found for utility.quara..om.Quarantine/*.
[6088:22852:0913/220515.690:VERBOSE1:base\allocator\scheduler_loop_quarantine_config.cc:195] No entry found for utility.quar..m.Quarantine/main.
[3596:10568:0913/220519.036:VERBOSE1:chrome\browser\profiles\profile_manager.cc:1405] AddKeepAlive(Default, kExtensionUpdater). keep_alives=[kBrowserWindow (1), kExtensionUpdater (2)]
[7224:21816:0913/220519.038:VERBOSE1:net\base\network_delegate.cc:38] NetworkDelegate::NotifyBeforeURLRequest: http://redirector.gvt1.com/edgedl/chromewebstore/L2Nocm9tZV9leHRlbnNpb24vYmxvYnMvNzI0QUFXNV9zT2RvdUwyMERESEZGVmJnQQ/1.0.0.6_nmmhkkegccagdldgiimedpiccmgmieda.crx
[22040:21152:0913/220519.244:VERBOSE1:base\allocator\scheduler_loop_quarantine_config.cc:195] No entry found for utility.unz..om.Unzipper/global.
[22040:21152:0913/220519.244:VERBOSE1:base\allocator\scheduler_loop_quarantine_config.cc:195] No entry found for utility.unzip.mojom.Unzipper/*.
[22040:21152:0913/220519.245:VERBOSE1:base\allocator\scheduler_loop_quarantine_config.cc:195] No entry found for utility.unzi..jom.Unzipper/main.
[22040:4416:0913/220519.254:VERBOSE1:third_party\zlib\google\zip.cc:183] Skipped ZIP entry 'about.js'
[22040:4416:0913/220519.254:VERBOSE1:third_party\zlib\google\zip.cc:183] Skipped ZIP entry 'activate_banner_mb.js'
[22040:4416:0913/220519.255:VERBOSE1:third_party\zlib\google\zip.cc:183] Skipped ZIP entry 'advanced_protection_signal.js'
[22040:4416:0913/220519.256:VERBOSE1:third_party\zlib\google\zip.cc:183] Skipped ZIP entry 'advanced_protection_signal_toast.js'
[22040:4416:0913/220519.256:VERBOSE1:third_party\zlib\google\zip.cc:183] Skipped ZIP entry 'background.js'
[22040:4416:0913/220519.257:VERBOSE1:third_party\zlib\google\zip.cc:183] Skipped ZIP entry 'dfd_landing_page.js'
[22040:4416:0913/220519.257:VERBOSE1:third_party\zlib\google\zip.cc:183] Skipped ZIP entry 'download_scan_popup.js'
[22040:4416:0913/220519.259:VERBOSE1:third_party\zlib\google\zip.cc:183] Skipped ZIP entry 'dws.js'
[22040:4416:0913/220519.261:VERBOSE1:third_party\zlib\google\zip.cc:183] Skipped ZIP entry 'esd_enrolled_detection_toast.js'
[22040:4416:0913/220519.262:VERBOSE1:third_party\zlib\google\zip.cc:183] Skipped ZIP entry 'esd_enrolled_intro_toast.js'
[22040:4416:0913/220519.262:VERBOSE1:third_party\zlib\google\zip.cc:183] Skipped ZIP entry 'esd_toast.js'
[22040:4416:0913/220519.263:VERBOSE1:third_party\zlib\google\zip.cc:183] Skipped ZIP entry 'foreground_sidebar_main.js'
[22040:4416:0913/220519.263:VERBOSE1:third_party\zlib\google\zip.cc:183] Skipped ZIP entry 'how_it_works.js'
[22040:4416:0913/220519.264:VERBOSE1:third_party\zlib\google\zip.cc:183] Skipped ZIP entry 'iframe_block_page.js'
[22040:4416:0913/220519.264:VERBOSE1:third_party\zlib\google\zip.cc:183] Skipped ZIP entry 'interactive_balloon.js'
[22040:4416:0913/220519.267:VERBOSE1:third_party\zlib\google\zip.cc:183] Skipped ZIP entry 'mb_activate_banner.js'
[22040:4416:0913/220519.268:VERBOSE1:third_party\zlib\google\zip.cc:183] Skipped ZIP entry 'mb_page_banner.js'
[22040:4416:0913/220519.269:VERBOSE1:third_party\zlib\google\zip.cc:183] Skipped ZIP entry 'mcafee_fonts.js'
[22040:4416:0913/220519.270:VERBOSE1:third_party\zlib\google\zip.cc:183] Skipped ZIP entry 'no_native_toast.js'
[22040:4416:0913/220519.271:VERBOSE1:third_party\zlib\google\zip.cc:183] Skipped ZIP entry 'nps_survey.js'
[22040:4416:0913/220519.271:VERBOSE1:third_party\zlib\google\zip.cc:183] Skipped ZIP entry 'page_banner_mb.js'
[22040:4416:0913/220519.272:VERBOSE1:third_party\zlib\google\zip.cc:183] Skipped ZIP entry 'preference.js'
[22040:4416:0913/220519.273:VERBOSE1:third_party\zlib\google\zip.cc:183] Skipped ZIP entry 'settings.js'
[22040:4416:0913/220519.273:VERBOSE1:third_party\zlib\google\zip.cc:183] Skipped ZIP entry 'sidebar_esd.js'
[22040:4416:0913/220519.274:VERBOSE1:third_party\zlib\google\zip.cc:183] Skipped ZIP entry 'sidebar_home.js'
[22040:4416:0913/220519.277:VERBOSE1:third_party\zlib\google\zip.cc:183] Skipped ZIP entry 'sidebar_main.js'
[22040:4416:0913/220519.277:VERBOSE1:third_party\zlib\google\zip.cc:183] Skipped ZIP entry 'sidebar_mb.js'
[22040:4416:0913/220519.278:VERBOSE1:third_party\zlib\google\zip.cc:183] Skipped ZIP entry 'sidebar_mb_faq.js'
[22040:4416:0913/220519.279:VERBOSE1:third_party\zlib\google\zip.cc:183] Skipped ZIP entry 'sidebar_rat_detection.js'
[22040:4416:0913/220519.280:VERBOSE1:third_party\zlib\google\zip.cc:183] Skipped ZIP entry 'site_status_block_page.js'
[22040:4416:0913/220519.280:VERBOSE1:third_party\zlib\google\zip.cc:183] Skipped ZIP entry 'site_status_site_report.js'
[22040:4416:0913/220519.281:VERBOSE1:third_party\zlib\google\zip.cc:183] Skipped ZIP entry 'site_status_typosquatting.js'
[22040:4416:0913/220519.282:VERBOSE1:third_party\zlib\google\zip.cc:183] Skipped ZIP entry 'statistics.js'
[22040:4416:0913/220519.282:VERBOSE1:third_party\zlib\google\zip.cc:183] Skipped ZIP entry 'topbar_iframe_block.js'
[22040:4416:0913/220519.282:VERBOSE1:third_party\zlib\google\zip.cc:183] Skipped ZIP entry 'vendors.js'
[22040:4416:0913/220519.283:VERBOSE1:third_party\zlib\google\zip.cc:183] Skipped ZIP entry 'wa-common.js'
[22040:4416:0913/220519.284:VERBOSE1:third_party\zlib\google\zip.cc:183] Skipped ZIP entry 'wasm_feature.wasm'
[22040:4416:0913/220519.284:VERBOSE1:third_party\zlib\google\zip.cc:183] Skipped ZIP entry 'wasm_lib.wasm'
[22040:4416:0913/220519.285:VERBOSE1:third_party\zlib\google\zip.cc:183] Skipped ZIP entry 'whitelist.js'
[22040:4416:0913/220519.285:VERBOSE1:third_party\zlib\google\zip.cc:183] Skipped ZIP entry '_locales/'
[22040:4416:0913/220519.286:VERBOSE1:third_party\zlib\google\zip.cc:183] Skipped ZIP entry '_locales/cs/'
[22040:4416:0913/220519.287:VERBOSE1:third_party\zlib\google\zip.cc:183] Skipped ZIP entry '_locales/cs/messages.json'
[22040:4416:0913/220519.288:VERBOSE1:third_party\zlib\google\zip.cc:183] Skipped ZIP entry '_locales/da/'
[22040:4416:0913/220519.288:VERBOSE1:third_party\zlib\google\zip.cc:183] Skipped ZIP entry '_locales/da/messages.json'
[22040:4416:0913/220519.289:VERBOSE1:third_party\zlib\google\zip.cc:183] Skipped ZIP entry '_locales/de/'
[22040:4416:0913/220519.290:VERBOSE1:third_party\zlib\google\zip.cc:183] Skipped ZIP entry '_locales/de/messages.json'
[22040:4416:0913/220519.290:VERBOSE1:third_party\zlib\google\zip.cc:183] Skipped ZIP entry '_locales/el/'
[22040:4416:0913/220519.293:VERBOSE1:third_party\zlib\google\zip.cc:183] Skipped ZIP entry '_locales/el/messages.json'
[22040:4416:0913/220519.295:VERBOSE1:third_party\zlib\google\zip.cc:183] Skipped ZIP entry '_locales/en/'
[22040:4416:0913/220519.296:VERBOSE1:third_party\zlib\google\zip.cc:183] Skipped ZIP entry '_locales/en/messages.json'
[22040:4416:0913/220519.296:VERBOSE1:third_party\zlib\google\zip.cc:183] Skipped ZIP entry '_locales/es/'
[22040:4416:0913/220519.297:VERBOSE1:third_party\zlib\google\zip.cc:183] Skipped ZIP entry '_locales/es/messages.json'
[22040:4416:0913/220519.297:VERBOSE1:third_party\zlib\google\zip.cc:183] Skipped ZIP entry '_locales/es_419/'
[22040:4416:0913/220519.298:VERBOSE1:third_party\zlib\google\zip.cc:183] Skipped ZIP entry '_locales/es_419/messages.json'
[22040:4416:0913/220519.299:VERBOSE1:third_party\zlib\google\zip.cc:183] Skipped ZIP entry '_locales/fi/'
[22040:4416:0913/220519.300:VERBOSE1:third_party\zlib\google\zip.cc:183] Skipped ZIP entry '_locales/fi/messages.json'
[22040:4416:0913/220519.300:VERBOSE1:third_party\zlib\google\zip.cc:183] Skipped ZIP entry '_locales/fr/'
[22040:4416:0913/220519.300:VERBOSE1:third_party\zlib\google\zip.cc:183] Skipped ZIP entry '_locales/fr/messages.json'
[22040:4416:0913/220519.301:VERBOSE1:third_party\zlib\google\zip.cc:183] Skipped ZIP entry '_locales/fr_CA/'
[22040:4416:0913/220519.302:VERBOSE1:third_party\zlib\google\zip.cc:183] Skipped ZIP entry '_locales/fr_CA/messages.json'
[22040:4416:0913/220519.302:VERBOSE1:third_party\zlib\google\zip.cc:183] Skipped ZIP entry '_locales/hr/'
[22040:4416:0913/220519.303:VERBOSE1:third_party\zlib\google\zip.cc:183] Skipped ZIP entry '_locales/hr/messages.json'
[22040:4416:0913/220519.304:VERBOSE1:third_party\zlib\google\zip.cc:183] Skipped ZIP entry '_locales/hu/'
[22040:4416:0913/220519.304:VERBOSE1:third_party\zlib\google\zip.cc:183] Skipped ZIP entry '_locales/hu/messages.json'
[22040:4416:0913/220519.305:VERBOSE1:third_party\zlib\google\zip.cc:183] Skipped ZIP entry '_locales/it/'
[22040:4416:0913/220519.306:VERBOSE1:third_party\zlib\google\zip.cc:183] Skipped ZIP entry '_locales/it/messages.json'
[22040:4416:0913/220519.306:VERBOSE1:third_party\zlib\google\zip.cc:183] Skipped ZIP entry '_locales/ja/'
[22040:4416:0913/220519.307:VERBOSE1:third_party\zlib\google\zip.cc:183] Skipped ZIP entry '_locales/ja/messages.json'
[22040:4416:0913/220519.307:VERBOSE1:third_party\zlib\google\zip.cc:183] Skipped ZIP entry '_locales/ko/'
[22040:4416:0913/220519.311:VERBOSE1:third_party\zlib\google\zip.cc:183] Skipped ZIP entry '_locales/ko/messages.json'
[22040:4416:0913/220519.312:VERBOSE1:third_party\zlib\google\zip.cc:183] Skipped ZIP entry '_locales/nb/'
[22040:4416:0913/220519.313:VERBOSE1:third_party\zlib\google\zip.cc:183] Skipped ZIP entry '_locales/nb/messages.json'
[22040:4416:0913/220519.314:VERBOSE1:third_party\zlib\google\zip.cc:183] Skipped ZIP entry '_locales/nl/'
[22040:4416:0913/220519.315:VERBOSE1:third_party\zlib\google\zip.cc:183] Skipped ZIP entry '_locales/nl/messages.json'
[22040:4416:0913/220519.315:VERBOSE1:third_party\zlib\google\zip.cc:183] Skipped ZIP entry '_locales/pl/'
[22040:4416:0913/220519.316:VERBOSE1:third_party\zlib\google\zip.cc:183] Skipped ZIP entry '_locales/pl/messages.json'
[22040:4416:0913/220519.316:VERBOSE1:third_party\zlib\google\zip.cc:183] Skipped ZIP entry '_locales/pt_BR/'
[22040:4416:0913/220519.317:VERBOSE1:third_party\zlib\google\zip.cc:183] Skipped ZIP entry '_locales/pt_BR/messages.json'
[22040:4416:0913/220519.317:VERBOSE1:third_party\zlib\google\zip.cc:183] Skipped ZIP entry '_locales/pt_PT/'
[22040:4416:0913/220519.318:VERBOSE1:third_party\zlib\google\zip.cc:183] Skipped ZIP entry '_locales/pt_PT/messages.json'
[22040:4416:0913/220519.319:VERBOSE1:third_party\zlib\google\zip.cc:183] Skipped ZIP entry '_locales/ru/'
[22040:4416:0913/220519.319:VERBOSE1:third_party\zlib\google\zip.cc:183] Skipped ZIP entry '_locales/ru/messages.json'
[22040:4416:0913/220519.319:VERBOSE1:third_party\zlib\google\zip.cc:183] Skipped ZIP entry '_locales/sk/'
[22040:4416:0913/220519.320:VERBOSE1:third_party\zlib\google\zip.cc:183] Skipped ZIP entry '_locales/sk/messages.json'
[22040:4416:0913/220519.320:VERBOSE1:third_party\zlib\google\zip.cc:183] Skipped ZIP entry '_locales/sr/'
[22040:4416:0913/220519.321:VERBOSE1:third_party\zlib\google\zip.cc:183] Skipped ZIP entry '_locales/sr/messages.json'
[22040:4416:0913/220519.321:VERBOSE1:third_party\zlib\google\zip.cc:183] Skipped ZIP entry '_locales/sv/'
[22040:4416:0913/220519.322:VERBOSE1:third_party\zlib\google\zip.cc:183] Skipped ZIP entry '_locales/sv/messages.json'
[22040:4416:0913/220519.323:VERBOSE1:third_party\zlib\google\zip.cc:183] Skipped ZIP entry '_locales/tr/'
[22040:4416:0913/220519.323:VERBOSE1:third_party\zlib\google\zip.cc:183] Skipped ZIP entry '_locales/tr/messages.json'
[22040:4416:0913/220519.324:VERBOSE1:third_party\zlib\google\zip.cc:183] Skipped ZIP entry '_locales/zh_CN/'
[22040:4416:0913/220519.324:VERBOSE1:third_party\zlib\google\zip.cc:183] Skipped ZIP entry '_locales/zh_CN/messages.json'
[22040:4416:0913/220519.328:VERBOSE1:third_party\zlib\google\zip.cc:183] Skipped ZIP entry '_locales/zh_TW/'
[22040:4416:0913/220519.329:VERBOSE1:third_party\zlib\google\zip.cc:183] Skipped ZIP entry '_locales/zh_TW/messages.json'
[22040:4416:0913/220519.330:VERBOSE1:third_party\zlib\google\zip.cc:183] Skipped ZIP entry 'ESD-Package/'
[22040:4416:0913/220519.330:VERBOSE1:third_party\zlib\google\zip.cc:183] Skipped ZIP entry 'ESD-Package/scripts/'
[22040:4416:0913/220519.331:VERBOSE1:third_party\zlib\google\zip.cc:183] Skipped ZIP entry 'ESD-Package/scripts/esd_content_main.js'
[22040:4416:0913/220519.332:VERBOSE1:third_party\zlib\google\zip.cc:183] Skipped ZIP entry 'images/'
[22040:4416:0913/220519.333:VERBOSE1:third_party\zlib\google\zip.cc:183] Skipped ZIP entry 'images/action_panel/'
[22040:4416:0913/220519.334:VERBOSE1:third_party\zlib\google\zip.cc:183] Skipped ZIP entry 'images/action_panel/ap-overlay-logo.svg'
[22040:4416:0913/220519.334:VERBOSE1:third_party\zlib\google\zip.cc:183] Skipped ZIP entry 'images/action_panel/ap_jumbo_rat.svg'
[22040:4416:0913/220519.334:VERBOSE1:third_party\zlib\google\zip.cc:183] Skipped ZIP entry 'images/action_panel/info-circle-icon.svg'
[22040:4416:0913/220519.335:VERBOSE1:third_party\zlib\google\zip.cc:183] Skipped ZIP entry 'images/action_panel/x-icon.svg'
[22040:4416:0913/220519.336:VERBOSE1:third_party\zlib\google\zip.cc:183] Skipped ZIP entry 'images/advanced_protection_signals/'
[22040:4416:0913/220519.337:VERBOSE1:third_party\zlib\google\zip.cc:183] Skipped ZIP entry 'images/advanced_protection_signals/checkmark_aps_signal.svg'
[22040:4416:0913/220519.337:VERBOSE1:third_party\zlib\google\zip.cc:183] Skipped ZIP entry 'images/advanced_protection_signals/checkmark_bullet.svg'
[22040:4416:0913/220519.338:VERBOSE1:third_party\zlib\google\zip.cc:183] Skipped ZIP entry 'images/advanced_protection_signals/close-outline.svg'
[22040:4416:0913/220519.339:VERBOSE1:third_party\zlib\google\zip.cc:183] Skipped ZIP entry 'images/advanced_protection_signals/mcafee-logo.svg'
[22040:4416:0913/220519.340:VERBOSE1:third_party\zlib\google\zip.cc:183] Skipped ZIP entry 'images/advanced_protection_signals/question-mark.svg'
[22040:4416:0913/220519.340:VERBOSE1:third_party\zlib\google\zip.cc:183] Skipped ZIP entry 'images/advanced_protection_signals/scan_for_you.svg'
[22040:4416:0913/220519.341:VERBOSE1:third_party\zlib\google\zip.cc:183] Skipped ZIP entry 'images/balloon/'
[22040:4416:0913/220519.343:VERBOSE1:third_party\zlib\google\zip.cc:183] Skipped ZIP entry 'images/balloon/hackersafe_icon.png'
[22040:4416:0913/220519.344:VERBOSE1:third_party\zlib\google\zip.cc:183] Skipped ZIP entry 'images/balloon/logo.png'
[22040:4416:0913/220519.345:VERBOSE1:third_party\zlib\google\zip.cc:183] Skipped ZIP entry 'images/banner/'
[22040:4416:0913/220519.346:VERBOSE1:third_party\zlib\google\zip.cc:183] Skipped ZIP entry 'images/banner/close.png'
[22040:4416:0913/220519.347:VERBOSE1:third_party\zlib\google\zip.cc:183] Skipped ZIP entry 'images/banner/close_icon_black.svg'
[22040:4416:0913/220519.348:VERBOSE1:third_party\zlib\google\zip.cc:183] Skipped ZIP entry 'images/banner/close_icon_white.svg'
[22040:4416:0913/220519.349:VERBOSE1:third_party\zlib\google\zip.cc:183] Skipped ZIP entry 'images/banner/mb_banner_close.svg'
[22040:4416:0913/220519.350:VERBOSE1:third_party\zlib\google\zip.cc:183] Skipped ZIP entry 'images/browser_action/'
[22040:4416:0913/220519.350:VERBOSE1:third_party\zlib\google\zip.cc:183] Skipped ZIP entry 'images/browser_action/disabled_16.png'
[22040:4416:0913/220519.351:VERBOSE1:third_party\zlib\google\zip.cc:183] Skipped ZIP entry 'images/browser_action/disabled_20.png'
[22040:4416:0913/220519.351:VERBOSE1:third_party\zlib\google\zip.cc:183] Skipped ZIP entry 'images/browser_action/disabled_32.png'
[22040:4416:0913/220519.352:VERBOSE1:third_party\zlib\google\zip.cc:183] Skipped ZIP entry 'images/browser_action/disabled_40.png'
[22040:4416:0913/220519.353:VERBOSE1:third_party\zlib\google\zip.cc:183] Skipped ZIP entry 'images/browser_action/green_16.png'
[22040:4416:0913/220519.354:VERBOSE1:third_party\zlib\google\zip.cc:183] Skipped ZIP entry 'images/browser_action/green_20.png'
[22040:4416:0913/220519.354:VERBOSE1:third_party\zlib\google\zip.cc:183] Skipped ZIP entry 'images/browser_action/green_32.png'
[22040:4416:0913/220519.355:VERBOSE1:third_party\zlib\google\zip.cc:183] Skipped ZIP entry 'images/browser_action/green_40.png'
[22040:4416:0913/220519.355:VERBOSE1:third_party\zlib\google\zip.cc:183] Skipped ZIP entry 'images/browser_action/grey_16.png'
[22040:4416:0913/220519.356:VERBOSE1:third_party\zlib\google\zip.cc:183] Skipped ZIP entry 'images/browser_action/grey_20.png'
[22040:4416:0913/220519.356:VERBOSE1:third_party\zlib\google\zip.cc:183] Skipped ZIP entry 'images/browser_action/grey_32.png'
[22040:4416:0913/220519.357:VERBOSE1:third_party\zlib\google\zip.cc:183] Skipped ZIP entry 'images/browser_action/grey_40.png'
[22040:4416:0913/220519.357:VERBOSE1:third_party\zlib\google\zip.cc:183] Skipped ZIP entry 'images/browser_action/hackersafe_16.png'
[22040:4416:0913/220519.360:VERBOSE1:third_party\zlib\google\zip.cc:183] Skipped ZIP entry 'images/browser_action/hackersafe_20.png'
[22040:4416:0913/220519.362:VERBOSE1:third_party\zlib\google\zip.cc:183] Skipped ZIP entry 'images/browser_action/hackersafe_32.png'
[22040:4416:0913/220519.363:VERBOSE1:third_party\zlib\google\zip.cc:183] Skipped ZIP entry 'images/browser_action/hackersafe_40.png'
[22040:4416:0913/220519.364:VERBOSE1:third_party\zlib\google\zip.cc:183] Skipped ZIP entry 'images/browser_action/red_16.png'
[22040:4416:0913/220519.364:VERBOSE1:third_party\zlib\google\zip.cc:183] Skipped ZIP entry 'images/browser_action/red_20.png'
[22040:4416:0913/220519.365:VERBOSE1:third_party\zlib\google\zip.cc:183] Skipped ZIP entry 'images/browser_action/red_32.png'
[22040:4416:0913/220519.366:VERBOSE1:third_party\zlib\google\zip.cc:183] Skipped ZIP entry 'images/browser_action/red_40.png'
[22040:4416:0913/220519.366:VERBOSE1:third_party\zlib\google\zip.cc:183] Skipped ZIP entry 'images/browser_action/yellow_16.png'
[22040:4416:0913/220519.366:VERBOSE1:third_party\zlib\google\zip.cc:183] Skipped ZIP entry 'images/browser_action/yellow_20.png'
[22040:4416:0913/220519.367:VERBOSE1:third_party\zlib\google\zip.cc:183] Skipped ZIP entry 'images/browser_action/yellow_32.png'
[22040:4416:0913/220519.368:VERBOSE1:third_party\zlib\google\zip.cc:183] Skipped ZIP entry 'images/browser_action/yellow_40.png'
[22040:4416:0913/220519.369:VERBOSE1:third_party\zlib\google\zip.cc:183] Skipped ZIP entry 'images/dfd_landing/'
[22040:4416:0913/220519.369:VERBOSE1:third_party\zlib\google\zip.cc:183] Skipped ZIP entry 'images/dfd_landing/dfd_landing_desc_check.svg'
[22040:4416:0913/220519.370:VERBOSE1:third_party\zlib\google\zip.cc:183] Skipped ZIP entry 'images/dfd_landing/dfd_landing_video_eg.svg'
[22040:4416:0913/220519.371:VERBOSE1:third_party\zlib\google\zip.cc:183] Skipped ZIP entry 'images/download_scan/'
[22040:4416:0913/220519.371:VERBOSE1:third_party\zlib\google\zip.cc:183] Skipped ZIP entry 'images/download_scan/close-outline.svg'
[22040:4416:0913/220519.373:VERBOSE1:third_party\zlib\google\zip.cc:183] Skipped ZIP entry 'images/download_scan/download_scan_icon.svg'
[22040:4416:0913/220519.373:VERBOSE1:third_party\zlib\google\zip.cc:183] Skipped ZIP entry 'images/download_scan/mcafee_logo_red.svg'
[22040:4416:0913/220519.374:VERBOSE1:third_party\zlib\google\zip.cc:183] Skipped ZIP entry 'images/download_scan/mcafee_logo_white.svg'
[22040:4416:0913/220519.376:VERBOSE1:third_party\zlib\google\zip.cc:183] Skipped ZIP entry 'images/download_scan/seperator_line.svg'
[22040:4416:0913/220519.377:VERBOSE1:third_party\zlib\google\zip.cc:183] Skipped ZIP entry 'images/download_scan/webadvisor.svg'
[22040:4416:0913/220519.379:VERBOSE1:third_party\zlib\google\zip.cc:183] Skipped ZIP entry 'images/dws/'
[22040:4416:0913/220519.379:VERBOSE1:third_party\zlib\google\zip.cc:183] Skipped ZIP entry 'images/dws/confirmation-logo.svg'
[22040:4416:0913/220519.380:VERBOSE1:third_party\zlib\google\zip.cc:183] Skipped ZIP entry 'images/dws/error-fill.svg'
[22040:4416:0913/220519.380:VERBOSE1:third_party\zlib\google\zip.cc:183] Skipped ZIP entry 'images/dws/external-link-logo.svg'
[22040:4416:0913/220519.381:VERBOSE1:third_party\zlib\google\zip.cc:183] Skipped ZIP entry 'images/dws/scan-email-logo.svg'
[22040:4416:0913/220519.381:VERBOSE1:third_party\zlib\google\zip.cc:183] Skipped ZIP entry 'images/esd/'
[22040:4416:0913/220519.382:VERBOSE1:third_party\zlib\google\zip.cc:183] Skipped ZIP entry 'images/esd/esd_pc_image.png'
[22040:4416:0913/220519.383:VERBOSE1:third_party\zlib\google\zip.cc:183] Skipped ZIP entry 'images/esd_enrolled/'
[22040:4416:0913/220519.383:VERBOSE1:third_party\zlib\google\zip.cc:183] Skipped ZIP entry 'images/esd_enrolled/email_skeleton.svg'
[22040:4416:0913/220519.384:VERBOSE1:third_party\zlib\google\zip.cc:183] Skipped ZIP entry 'images/how_it_works/'
[22040:4416:0913/220519.384:VERBOSE1:third_party\zlib\google\zip.cc:183] Skipped ZIP entry 'images/how_it_works/background-bottom.svg'
[22040:4416:0913/220519.385:VERBOSE1:third_party\zlib\google\zip.cc:183] Skipped ZIP entry 'images/how_it_works/background-human.svg'
[22040:4416:0913/220519.385:VERBOSE1:third_party\zlib\google\zip.cc:183] Skipped ZIP entry 'images/how_it_works/facebook.svg'
[22040:4416:0913/220519.385:VERBOSE1:third_party\zlib\google\zip.cc:183] Skipped ZIP entry 'images/how_it_works/phishing.svg'
[22040:4416:0913/220519.386:VERBOSE1:third_party\zlib\google\zip.cc:183] Skipped ZIP entry 'images/how_it_works/saferdownloads.svg'
[22040:4416:0913/220519.387:VERBOSE1:third_party\zlib\google\zip.cc:183] Skipped ZIP entry 'images/how_it_works/securityalerts.svg'
[22040:4416:0913/220519.387:VERBOSE1:third_party\zlib\google\zip.cc:183] Skipped ZIP entry 'images/how_it_works/socialmedia.svg'
[22040:4416:0913/220519.388:VERBOSE1:third_party\zlib\google\zip.cc:183] Skipped ZIP entry 'images/how_it_works/twitter.svg'
[22040:4416:0913/220519.389:VERBOSE1:third_party\zlib\google\zip.cc:183] Skipped ZIP entry 'images/how_it_works/urlhijacking.svg'
[22040:4416:0913/220519.389:VERBOSE1:third_party\zlib\google\zip.cc:183] Skipped ZIP entry 'images/how_it_works/youtube.svg'
[22040:4416:0913/220519.390:VERBOSE1:third_party\zlib\google\zip.cc:183] Skipped ZIP entry 'images/iframe/'
[22040:4416:0913/220519.390:VERBOSE1:third_party\zlib\google\zip.cc:183] Skipped ZIP entry 'images/iframe/block.png'
[22040:4416:0913/220519.391:VERBOSE1:third_party\zlib\google\zip.cc:183] Skipped ZIP entry 'images/mb_dropdown/'
[22040:4416:0913/220519.391:VERBOSE1:third_party\zlib\google\zip.cc:183] Skipped ZIP entry 'images/mb_dropdown/ic_chevron_down.svg'
[22040:4416:0913/220519.394:VERBOSE1:third_party\zlib\google\zip.cc:183] Skipped ZIP entry 'images/mb_dropdown/ic_close.svg'
[22040:4416:0913/220519.395:VERBOSE1:third_party\zlib\google\zip.cc:183] Skipped ZIP entry 'images/mb_dropdown/ic_notifications.svg'
[22040:4416:0913/220519.396:VERBOSE1:third_party\zlib\google\zip.cc:183] Skipped ZIP entry 'images/mb_dropdown/ic_snooze_notifications.svg'
[22040:4416:0913/220519.397:VERBOSE1:third_party\zlib\google\zip.cc:183] Skipped ZIP entry 'images/no_native_toast/'
[22040:4416:0913/220519.399:VERBOSE1:third_party\zlib\google\zip.cc:183] Skipped ZIP entry 'images/no_native_toast/button_icon.svg'
[22040:4416:0913/220519.399:VERBOSE1:third_party\zlib\google\zip.cc:183] Skipped ZIP entry 'images/no_native_toast/caution_warning.svg'
[22040:4416:0913/220519.400:VERBOSE1:third_party\zlib\google\zip.cc:183] Skipped ZIP entry 'images/no_native_toast/close_btn.svg'
[22040:4416:0913/220519.401:VERBOSE1:third_party\zlib\google\zip.cc:183] Skipped ZIP entry 'images/no_native_toast/download_arrow.svg'
[22040:4416:0913/220519.401:VERBOSE1:third_party\zlib\google\zip.cc:183] Skipped ZIP entry 'images/no_native_toast/download_tip.svg'
[22040:4416:0913/220519.401:VERBOSE1:third_party\zlib\google\zip.cc:183] Skipped ZIP entry 'images/no_native_toast/main_picture.svg'
[22040:4416:0913/220519.402:VERBOSE1:third_party\zlib\google\zip.cc:183] Skipped ZIP entry 'images/no_native_toast/main_picture_alarm.svg'
[22040:4416:0913/220519.403:VERBOSE1:third_party\zlib\google\zip.cc:183] Skipped ZIP entry 'images/no_native_toast/main_picture_arrow.svg'
[22040:4416:0913/220519.403:VERBOSE1:third_party\zlib\google\zip.cc:183] Skipped ZIP entry 'images/no_native_toast/mcafee_landscape.svg'
[22040:4416:0913/220519.404:VERBOSE1:third_party\zlib\google\zip.cc:183] Skipped ZIP entry 'images/no_native_toast/rating_star.svg'
[22040:4416:0913/220519.404:VERBOSE1:third_party\zlib\google\zip.cc:183] Skipped ZIP entry 'images/no_native_toast/vertical_line.svg'
[22040:4416:0913/220519.405:VERBOSE1:third_party\zlib\google\zip.cc:183] Skipped ZIP entry 'images/nps/'
[22040:4416:0913/220519.406:VERBOSE1:third_party\zlib\google\zip.cc:183] Skipped ZIP entry 'images/nps/email_icon.svg'
[22040:4416:0913/220519.406:VERBOSE1:third_party\zlib\google\zip.cc:183] Skipped ZIP entry 'images/nps/phone_icon.svg'
[22040:4416:0913/220519.406:VERBOSE1:third_party\zlib\google\zip.cc:183] Skipped ZIP entry 'images/nps/rate_review_img.svg'
[22040:4416:0913/220519.407:VERBOSE1:third_party\zlib\google\zip.cc:183] Skipped ZIP entry 'images/nps/thank_you_img.svg'
[22040:4416:0913/220519.407:VERBOSE1:third_party\zlib\google\zip.cc:183] Skipped ZIP entry 'images/overlay/'
[22040:4416:0913/220519.410:VERBOSE1:third_party\zlib\google\zip.cc:183] Skipped ZIP entry 'images/overlay/arrow-up.svg'
[22040:4416:0913/220519.412:VERBOSE1:third_party\zlib\google\zip.cc:183] Skipped ZIP entry 'images/settings/'
[22040:4416:0913/220519.413:VERBOSE1:third_party\zlib\google\zip.cc:183] Skipped ZIP entry 'images/settings/add-gray.png'
[22040:4416:0913/220519.413:VERBOSE1:third_party\zlib\google\zip.cc:183] Skipped ZIP entry 'images/settings/add-white.png'
[22040:4416:0913/220519.414:VERBOSE1:third_party\zlib\google\zip.cc:183] Skipped ZIP entry 'images/settings/checkmark-disabled.svg'
[22040:4416:0913/220519.414:VERBOSE1:third_party\zlib\google\zip.cc:183] Skipped ZIP entry 'images/settings/checkmark.svg'
[22040:4416:0913/220519.415:VERBOSE1:third_party\zlib\google\zip.cc:183] Skipped ZIP entry 'images/settings/facebook-disabled.svg'
[22040:4416:0913/220519.415:VERBOSE1:third_party\zlib\google\zip.cc:183] Skipped ZIP entry 'images/settings/facebook.svg'
[22040:4416:0913/220519.416:VERBOSE1:third_party\zlib\google\zip.cc:183] Skipped ZIP entry 'images/settings/instagram-disabled.svg'
[22040:4416:0913/220519.417:VERBOSE1:third_party\zlib\google\zip.cc:183] Skipped ZIP entry 'images/settings/instagram.svg'
[22040:4416:0913/220519.418:VERBOSE1:third_party\zlib\google\zip.cc:183] Skipped ZIP entry 'images/settings/linkedin-disabled.svg'
[22040:4416:0913/220519.419:VERBOSE1:third_party\zlib\google\zip.cc:183] Skipped ZIP entry 'images/settings/linkedin.svg'
[22040:4416:0913/220519.419:VERBOSE1:third_party\zlib\google\zip.cc:183] Skipped ZIP entry 'images/settings/reddit-disabled.svg'
[22040:4416:0913/220519.420:VERBOSE1:third_party\zlib\google\zip.cc:183] Skipped ZIP entry 'images/settings/reddit.svg'
[22040:4416:0913/220519.421:VERBOSE1:third_party\zlib\google\zip.cc:183] Skipped ZIP entry 'images/settings/remove-gray.png'
[22040:4416:0913/220519.421:VERBOSE1:third_party\zlib\google\zip.cc:183] Skipped ZIP entry 'images/settings/remove-white.png'
[22040:4416:0913/220519.422:VERBOSE1:third_party\zlib\google\zip.cc:183] Skipped ZIP entry 'images/settings/x-icon.svg'
[22040:4416:0913/220519.422:VERBOSE1:third_party\zlib\google\zip.cc:183] Skipped ZIP entry 'images/settings/youtube-disabled.svg'
[22040:4416:0913/220519.423:VERBOSE1:third_party\zlib\google\zip.cc:183] Skipped ZIP entry 'images/settings/youtube.svg'
[22040:4416:0913/220519.424:VERBOSE1:third_party\zlib\google\zip.cc:183] Skipped ZIP entry 'images/sidebar/'
[22040:4416:0913/220519.424:VERBOSE1:third_party\zlib\google\zip.cc:183] Skipped ZIP entry 'images/sidebar/arrow_forward.svg'
[22040:4416:0913/220519.427:VERBOSE1:third_party\zlib\google\zip.cc:183] Skipped ZIP entry 'images/sidebar/esd_mail_icon.svg'
[22040:4416:0913/220519.428:VERBOSE1:third_party\zlib\google\zip.cc:183] Skipped ZIP entry 'images/sidebar/graph_red_icon.svg'
[22040:4416:0913/220519.429:VERBOSE1:third_party\zlib\google\zip.cc:183] Skipped ZIP entry 'images/sidebar/home.svg'
[22040:4416:0913/220519.429:VERBOSE1:third_party\zlib\google\zip.cc:183] Skipped ZIP entry 'images/sidebar/ic_browser_history.svg'
[22040:4416:0913/220519.430:VERBOSE1:third_party\zlib\google\zip.cc:183] Skipped ZIP entry 'images/sidebar/ic_browser_security.svg'
[22040:4416:0913/220519.431:VERBOSE1:third_party\zlib\google\zip.cc:183] Skipped ZIP entry 'images/sidebar/ic_chevron_small_left.svg'
[22040:4416:0913/220519.431:VERBOSE1:third_party\zlib\google\zip.cc:183] Skipped ZIP entry 'images/sidebar/ic_chevron_small_right.svg'
[22040:4416:0913/220519.433:VERBOSE1:third_party\zlib\google\zip.cc:183] Skipped ZIP entry 'images/sidebar/ic_dfd_feedback_check_mark.svg'
[22040:4416:0913/220519.433:VERBOSE1:third_party\zlib\google\zip.cc:183] Skipped ZIP entry 'images/sidebar/ic_dfd_feedback_thumb_down.svg'
[22040:4416:0913/220519.434:VERBOSE1:third_party\zlib\google\zip.cc:183] Skipped ZIP entry 'images/sidebar/ic_dfd_feedback_thumb_up.svg'
[22040:4416:0913/220519.434:VERBOSE1:third_party\zlib\google\zip.cc:183] Skipped ZIP entry 'images/sidebar/ic_email_safe.svg'
[22040:4416:0913/220519.435:VERBOSE1:third_party\zlib\google\zip.cc:183] Skipped ZIP entry 'images/sidebar/ic_email_scam.svg'
[22040:4416:0913/220519.435:VERBOSE1:third_party\zlib\google\zip.cc:183] Skipped ZIP entry 'images/sidebar/ic_email_scam_loading.svg'
[22040:4416:0913/220519.436:VERBOSE1:third_party\zlib\google\zip.cc:183] Skipped ZIP entry 'images/sidebar/ic_ereader.svg'
[22040:4416:0913/220519.437:VERBOSE1:third_party\zlib\google\zip.cc:183] Skipped ZIP entry 'images/sidebar/ic_full_protection_email.svg'
[22040:4416:0913/220519.437:VERBOSE1:third_party\zlib\google\zip.cc:183] Skipped ZIP entry 'images/sidebar/ic_get_protection_email.svg'
[22040:4416:0913/220519.438:VERBOSE1:third_party\zlib\google\zip.cc:183] Skipped ZIP entry 'images/sidebar/ic_info.svg'
[22040:4416:0913/220519.438:VERBOSE1:third_party\zlib\google\zip.cc:183] Skipped ZIP entry 'images/sidebar/ic_redirect.svg'
[22040:4416:0913/220519.439:VERBOSE1:third_party\zlib\google\zip.cc:183] Skipped ZIP entry 'images/sidebar/ic_search.svg'
[22040:4416:0913/220519.439:VERBOSE1:third_party\zlib\google\zip.cc:183] Skipped ZIP entry 'images/sidebar/ic_settings.svg'
[22040:4416:0913/220519.439:VERBOSE1:third_party\zlib\google\zip.cc:183] Skipped ZIP entry 'images/sidebar/popup-logo.svg'
[22040:4416:0913/220519.440:VERBOSE1:third_party\zlib\google\zip.cc:183] Skipped ZIP entry 'images/sidebar/sidebar_logo.svg'
[22040:4416:0913/220519.440:VERBOSE1:third_party\zlib\google\zip.cc:183] Skipped ZIP entry 'images/sidebar/social_facebook.svg'
[22040:4416:0913/220519.440:VERBOSE1:third_party\zlib\google\zip.cc:183] Skipped ZIP entry 'images/sidebar/social_linkedin.svg'
[22040:4416:0913/220519.441:VERBOSE1:third_party\zlib\google\zip.cc:183] Skipped ZIP entry 'images/sidebar/social_x.svg'
[22040:4416:0913/220519.447:VERBOSE1:third_party\zlib\google\zip.cc:183] Skipped ZIP entry 'images/site_status/'
[22040:4416:0913/220519.447:VERBOSE1:third_party\zlib\google\zip.cc:183] Skipped ZIP entry 'images/site_status/block_page_upsell_img.svg'
[22040:4416:0913/220519.448:VERBOSE1:third_party\zlib\google\zip.cc:183] Skipped ZIP entry 'images/site_status/block_status_logo_red.svg'
[22040:4416:0913/220519.448:VERBOSE1:third_party\zlib\google\zip.cc:183] Skipped ZIP entry 'images/site_status/block_status_logo_yellow.svg'
[22040:4416:0913/220519.449:VERBOSE1:third_party\zlib\google\zip.cc:183] Skipped ZIP entry 'images/site_status/close_icon.svg'
[22040:4416:0913/220519.449:VERBOSE1:third_party\zlib\google\zip.cc:183] Skipped ZIP entry 'images/site_status/feedback_no.svg'
[22040:4416:0913/220519.450:VERBOSE1:third_party\zlib\google\zip.cc:183] Skipped ZIP entry 'images/site_status/feedback_no_selected.svg'
[22040:4416:0913/220519.450:VERBOSE1:third_party\zlib\google\zip.cc:183] Skipped ZIP entry 'images/site_status/feedback_yes.svg'
[22040:4416:0913/220519.451:VERBOSE1:third_party\zlib\google\zip.cc:183] Skipped ZIP entry 'images/site_status/feedback_yes_selected.svg'
[22040:4416:0913/220519.451:VERBOSE1:third_party\zlib\google\zip.cc:183] Skipped ZIP entry 'images/site_status/logo.svg'
[22040:4416:0913/220519.451:VERBOSE1:third_party\zlib\google\zip.cc:183] Skipped ZIP entry 'images/site_status/search_icon.svg'
[22040:4416:0913/220519.452:VERBOSE1:third_party\zlib\google\zip.cc:183] Skipped ZIP entry 'images/site_status/side_logo_green.svg'
[22040:4416:0913/220519.452:VERBOSE1:third_party\zlib\google\zip.cc:183] Skipped ZIP entry 'images/site_status/side_logo_red.svg'
[22040:4416:0913/220519.453:VERBOSE1:third_party\zlib\google\zip.cc:183] Skipped ZIP entry 'images/site_status/side_logo_unknown.svg'
[22040:4416:0913/220519.453:VERBOSE1:third_party\zlib\google\zip.cc:183] Skipped ZIP entry 'images/site_status/side_logo_yellow.svg'
[22040:4416:0913/220519.454:VERBOSE1:third_party\zlib\google\zip.cc:183] Skipped ZIP entry 'images/site_status/thanks_feedback_icon.svg'
[22040:4416:0913/220519.454:VERBOSE1:third_party\zlib\google\zip.cc:183] Skipped ZIP entry 'images/site_status/warning_green.svg'
[22040:4416:0913/220519.455:VERBOSE1:third_party\zlib\google\zip.cc:183] Skipped ZIP entry 'images/site_status/warning_red.svg'
[22040:4416:0913/220519.455:VERBOSE1:third_party\zlib\google\zip.cc:183] Skipped ZIP entry 'images/site_status/warning_unknown.svg'
[22040:4416:0913/220519.455:VERBOSE1:third_party\zlib\google\zip.cc:183] Skipped ZIP entry 'images/site_status/warning_yellow.svg'
[22040:4416:0913/220519.456:VERBOSE1:third_party\zlib\google\zip.cc:183] Skipped ZIP entry 'images/site_status/wave_green.svg'
[22040:4416:0913/220519.456:VERBOSE1:third_party\zlib\google\zip.cc:183] Skipped ZIP entry 'images/site_status/wave_red.svg'
[22040:4416:0913/220519.457:VERBOSE1:third_party\zlib\google\zip.cc:183] Skipped ZIP entry 'images/site_status/wave_unknown.svg'
[22040:4416:0913/220519.457:VERBOSE1:third_party\zlib\google\zip.cc:183] Skipped ZIP entry 'images/site_status/wave_yellow.svg'
[22040:4416:0913/220519.458:VERBOSE1:third_party\zlib\google\zip.cc:183] Skipped ZIP entry 'images/socialmedia/'
[22040:4416:0913/220519.460:VERBOSE1:third_party\zlib\google\zip.cc:183] Skipped ZIP entry 'images/socialmedia/facebook.svg'
[22040:4416:0913/220519.461:VERBOSE1:third_party\zlib\google\zip.cc:183] Skipped ZIP entry 'images/socialmedia/instagram.svg'
[22040:4416:0913/220519.461:VERBOSE1:third_party\zlib\google\zip.cc:183] Skipped ZIP entry 'images/socialmedia/linkedin.svg'
[22040:4416:0913/220519.462:VERBOSE1:third_party\zlib\google\zip.cc:183] Skipped ZIP entry 'images/socialmedia/reddit.svg'
[22040:4416:0913/220519.463:VERBOSE1:third_party\zlib\google\zip.cc:183] Skipped ZIP entry 'images/socialmedia/twitter.svg'
[22040:4416:0913/220519.463:VERBOSE1:third_party\zlib\google\zip.cc:183] Skipped ZIP entry 'images/socialmedia/youtube.svg'
[22040:4416:0913/220519.464:VERBOSE1:third_party\zlib\google\zip.cc:183] Skipped ZIP entry 'images/statistics/'
[22040:4416:0913/220519.464:VERBOSE1:third_party\zlib\google\zip.cc:183] Skipped ZIP entry 'images/statistics/downloads-blocked-icon.svg'
[22040:4416:0913/220519.465:VERBOSE1:third_party\zlib\google\zip.cc:183] Skipped ZIP entry 'images/statistics/downloads-scanned-icon.svg'
[22040:4416:0913/220519.465:VERBOSE1:third_party\zlib\google\zip.cc:183] Skipped ZIP entry 'images/statistics/pages-blocked-icon.svg'
[22040:4416:0913/220519.466:VERBOSE1:third_party\zlib\google\zip.cc:183] Skipped ZIP entry 'images/statistics/pages-scanned-icon.svg'
[22040:4416:0913/220519.466:VERBOSE1:third_party\zlib\google\zip.cc:183] Skipped ZIP entry 'images/wb/'
[22040:4416:0913/220519.467:VERBOSE1:third_party\zlib\google\zip.cc:183] Skipped ZIP entry 'images/wb/double-chevron.svg'
[22040:4416:0913/220519.468:VERBOSE1:third_party\zlib\google\zip.cc:183] Skipped ZIP entry 'images/wb/rocket-icon.svg'
[22040:4416:0913/220519.468:VERBOSE1:third_party\zlib\google\zip.cc:183] Skipped ZIP entry 'images/wb/stop-video-alert-icon.svg'
[22040:4416:0913/220519.469:VERBOSE1:third_party\zlib\google\zip.cc:183] Skipped ZIP entry 'images/webadvisor.png'
[22040:4416:0913/220519.469:VERBOSE1:third_party\zlib\google\zip.cc:183] Skipped ZIP entry 'images/web_advisor/'
[22040:4416:0913/220519.469:VERBOSE1:third_party\zlib\google\zip.cc:183] Skipped ZIP entry 'images/web_advisor/close_icon.svg'
[22040:4416:0913/220519.470:VERBOSE1:third_party\zlib\google\zip.cc:183] Skipped ZIP entry 'images/web_advisor/danger_icon.svg'
[22040:4416:0913/220519.470:VERBOSE1:third_party\zlib\google\zip.cc:183] Skipped ZIP entry 'images/web_advisor/deepfake_icon.svg'
[22040:4416:0913/220519.471:VERBOSE1:third_party\zlib\google\zip.cc:183] Skipped ZIP entry 'images/web_advisor/info_icon.svg'
[22040:4416:0913/220519.471:VERBOSE1:third_party\zlib\google\zip.cc:183] Skipped ZIP entry 'images/web_advisor/mcafee_brand.svg'
[22040:4416:0913/220519.472:VERBOSE1:third_party\zlib\google\zip.cc:183] Skipped ZIP entry 'images/web_advisor/mcafee_brand_white.svg'
[22040:4416:0913/220519.472:VERBOSE1:third_party\zlib\google\zip.cc:183] Skipped ZIP entry 'images/web_advisor/mcafee_dfd_logo.svg'
[22040:4416:0913/220519.473:VERBOSE1:third_party\zlib\google\zip.cc:183] Skipped ZIP entry 'images/web_advisor/mcafee_dfd_logo_line.svg'
[22040:4416:0913/220519.473:VERBOSE1:third_party\zlib\google\zip.cc:183] Skipped ZIP entry 'images/web_advisor/mcafee_esd_logo.svg'
[22040:4416:0913/220519.473:VERBOSE1:third_party\zlib\google\zip.cc:183] Skipped ZIP entry 'images/web_advisor/mcafee_logo_dark_red.svg'
[22040:4416:0913/220519.474:VERBOSE1:third_party\zlib\google\zip.cc:183] Skipped ZIP entry 'images/web_advisor/mcafee_slogan_white.svg'
[22040:4416:0913/220519.477:VERBOSE1:third_party\zlib\google\zip.cc:183] Skipped ZIP entry 'images/web_advisor/mcafee_webadvisor_logo.svg'
[22040:4416:0913/220519.478:VERBOSE1:third_party\zlib\google\zip.cc:183] Skipped ZIP entry 'images/web_advisor/search_icon.svg'
[22040:4416:0913/220519.479:VERBOSE1:third_party\zlib\google\zip.cc:183] Skipped ZIP entry 'images/web_advisor/shield_red.svg'
[22040:4416:0913/220519.479:VERBOSE1:third_party\zlib\google\zip.cc:183] Skipped ZIP entry 'images/web_advisor/shield_white.svg'
[22040:4416:0913/220519.479:VERBOSE1:third_party\zlib\google\zip.cc:183] Skipped ZIP entry 'images/web_advisor/white_mcafee_icon.svg'
[22040:4416:0913/220519.480:VERBOSE1:third_party\zlib\google\zip.cc:183] Skipped ZIP entry 'images/web_advisor/x-icon.svg'
[22040:4416:0913/220519.481:VERBOSE1:third_party\zlib\google\zip.cc:183] Skipped ZIP entry 'json/'
[22040:4416:0913/220519.481:VERBOSE1:third_party\zlib\google\zip.cc:183] Skipped ZIP entry 'json/engines.json'
[22040:4416:0913/220519.481:VERBOSE1:third_party\zlib\google\zip.cc:183] Skipped ZIP entry 'MockingBird-Package/'
[22040:4416:0913/220519.482:VERBOSE1:third_party\zlib\google\zip.cc:183] Skipped ZIP entry 'MockingBird-Package/scripts/'
[22040:4416:0913/220519.482:VERBOSE1:third_party\zlib\google\zip.cc:183] Skipped ZIP entry 'MockingBird-Package/scripts/mockingbird_content_main.js'
[22040:4416:0913/220519.482:VERBOSE1:third_party\zlib\google\zip.cc:183] Skipped ZIP entry 'MockingBird-Package/scripts/worklet_processor.js'
[22040:4416:0913/220519.483:VERBOSE1:third_party\zlib\google\zip.cc:183] Skipped ZIP entry 'scripts/'
[22040:4416:0913/220519.484:VERBOSE1:third_party\zlib\google\zip.cc:183] Skipped ZIP entry 'scripts/content_annotation.js'
[22040:4416:0913/220519.484:VERBOSE1:third_party\zlib\google\zip.cc:183] Skipped ZIP entry 'scripts/content_aps_balloon.js'
[22040:4416:0913/220519.484:VERBOSE1:third_party\zlib\google\zip.cc:183] Skipped ZIP entry 'scripts/content_aps_observer.js'
[22040:4416:0913/220519.485:VERBOSE1:third_party\zlib\google\zip.cc:183] Skipped ZIP entry 'scripts/content_aps_toast.js'
[22040:4416:0913/220519.485:VERBOSE1:third_party\zlib\google\zip.cc:183] Skipped ZIP entry 'scripts/content_change_native_installer_url.js'
[22040:4416:0913/220519.486:VERBOSE1:third_party\zlib\google\zip.cc:183] Skipped ZIP entry 'scripts/content_download_scan_popup.js'
[22040:4416:0913/220519.486:VERBOSE1:third_party\zlib\google\zip.cc:183] Skipped ZIP entry 'scripts/content_esd_enrolled_toast.js'
[22040:4416:0913/220519.487:VERBOSE1:third_party\zlib\google\zip.cc:183] Skipped ZIP entry 'scripts/content_esd_toast.js'
[22040:4416:0913/220519.487:VERBOSE1:third_party\zlib\google\zip.cc:183] Skipped ZIP entry 'scripts/content_idps.js'
[22040:4416:0913/220519.487:VERBOSE1:third_party\zlib\google\zip.cc:183] Skipped ZIP entry 'scripts/content_iframe_banner.js'
[22040:4416:0913/220519.488:VERBOSE1:third_party\zlib\google\zip.cc:183] Skipped ZIP entry 'scripts/content_iframe_helper.js'
[22040:4416:0913/220519.488:VERBOSE1:third_party\zlib\google\zip.cc:183] Skipped ZIP entry 'scripts/content_injection_check.js'
[22040:4416:0913/220519.488:VERBOSE1:third_party\zlib\google\zip.cc:183] Skipped ZIP entry 'scripts/content_mb_activate_banner.js'
[22040:4416:0913/220519.489:VERBOSE1:third_party\zlib\google\zip.cc:183] Skipped ZIP entry 'scripts/content_mb_banner.js'
[22040:4416:0913/220519.489:VERBOSE1:third_party\zlib\google\zip.cc:183] Skipped ZIP entry 'scripts/content_mb_page_banner.js'
[22040:4416:0913/220519.489:VERBOSE1:third_party\zlib\google\zip.cc:183] Skipped ZIP entry 'scripts/content_mb_video_check.js'
[22040:4416:0913/220519.490:VERBOSE1:third_party\zlib\google\zip.cc:183] Skipped ZIP entry 'scripts/content_navigate_complete.js'
[22040:4416:0913/220519.490:VERBOSE1:third_party\zlib\google\zip.cc:183] Skipped ZIP entry 'scripts/content_no_native_toast.js'
[22040:4416:0913/220519.493:VERBOSE1:third_party\zlib\google\zip.cc:183] Skipped ZIP entry 'scripts/content_push_notification.js'
[22040:4416:0913/220519.493:VERBOSE1:third_party\zlib\google\zip.cc:183] Skipped ZIP entry 'scripts/content_rat_detection.js'
[22040:4416:0913/220519.494:VERBOSE1:third_party\zlib\google\zip.cc:183] Skipped ZIP entry 'scripts/content_search_categorization.js'
[22040:4416:0913/220519.496:VERBOSE1:third_party\zlib\google\zip.cc:183] Skipped ZIP entry 'scripts/content_sidebar_main.js'
[22040:4416:0913/220519.497:VERBOSE1:third_party\zlib\google\zip.cc:183] Skipped ZIP entry 'scripts/content_site_listener.js'
[22040:4416:0913/220519.497:VERBOSE1:third_party\zlib\google\zip.cc:183] Skipped ZIP entry 'scripts/iframe_block.js'
[22040:4416:0913/220519.498:VERBOSE1:third_party\zlib\google\zip.cc:183] Skipped ZIP entry 'scripts/iframe_form_check.js'
[22040:4416:0913/220519.498:VERBOSE1:third_party\zlib\google\zip.cc:183] Skipped ZIP entry 'scripts/iframe_form_detection.js'
[22040:4416:0913/220519.499:VERBOSE1:third_party\zlib\google\zip.cc:183] Skipped ZIP entry 'scripts/Sailer-Package/'
[22040:4416:0913/220519.499:VERBOSE1:third_party\zlib\google\zip.cc:183] Skipped ZIP entry 'scripts/Sailer-Package/feature_collector.js'
[22040:4416:0913/220519.500:VERBOSE1:third_party\zlib\google\zip.cc:183] Skipped ZIP entry 'txt/'
[22040:4416:0913/220519.500:VERBOSE1:third_party\zlib\google\zip.cc:183] Skipped ZIP entry 'txt/typosquat.txt'
[22040:4416:0913/220519.500:VERBOSE1:third_party\zlib\google\zip.cc:183] Skipped ZIP entry 'fonts/'
[22040:4416:0913/220519.501:VERBOSE1:third_party\zlib\google\zip.cc:183] Skipped ZIP entry 'fonts/Poppins-Black.ttf'
[22040:4416:0913/220519.501:VERBOSE1:third_party\zlib\google\zip.cc:183] Skipped ZIP entry 'fonts/Poppins-BlackItalic.ttf'
[22040:4416:0913/220519.502:VERBOSE1:third_party\zlib\google\zip.cc:183] Skipped ZIP entry 'fonts/Poppins-Bold.ttf'
[22040:4416:0913/220519.502:VERBOSE1:third_party\zlib\google\zip.cc:183] Skipped ZIP entry 'fonts/Poppins-BoldItalic.ttf'
[22040:4416:0913/220519.502:VERBOSE1:third_party\zlib\google\zip.cc:183] Skipped ZIP entry 'fonts/Poppins-ExtraBold.ttf'
[22040:4416:0913/220519.503:VERBOSE1:third_party\zlib\google\zip.cc:183] Skipped ZIP entry 'fonts/Poppins-ExtraBoldItalic.ttf'
[22040:4416:0913/220519.504:VERBOSE1:third_party\zlib\google\zip.cc:183] Skipped ZIP entry 'fonts/Poppins-ExtraLight.ttf'
[22040:4416:0913/220519.504:VERBOSE1:third_party\zlib\google\zip.cc:183] Skipped ZIP entry 'fonts/Poppins-ExtraLightItalic.ttf'
[22040:4416:0913/220519.505:VERBOSE1:third_party\zlib\google\zip.cc:183] Skipped ZIP entry 'fonts/Poppins-Italic.ttf'
[22040:4416:0913/220519.505:VERBOSE1:third_party\zlib\google\zip.cc:183] Skipped ZIP entry 'fonts/Poppins-Light.ttf'
[22040:4416:0913/220519.505:VERBOSE1:third_party\zlib\google\zip.cc:183] Skipped ZIP entry 'fonts/Poppins-LightItalic.ttf'
[22040:4416:0913/220519.506:VERBOSE1:third_party\zlib\google\zip.cc:183] Skipped ZIP entry 'fonts/Poppins-Medium.ttf'
[22040:4416:0913/220519.506:VERBOSE1:third_party\zlib\google\zip.cc:183] Skipped ZIP entry 'fonts/Poppins-MediumItalic.ttf'
[22040:4416:0913/220519.507:VERBOSE1:third_party\zlib\google\zip.cc:183] Skipped ZIP entry 'fonts/Poppins-Regular.ttf'
[22040:4416:0913/220519.507:VERBOSE1:third_party\zlib\google\zip.cc:183] Skipped ZIP entry 'fonts/Poppins-SemiBold.ttf'
[22040:4416:0913/220519.510:VERBOSE1:third_party\zlib\google\zip.cc:183] Skipped ZIP entry 'fonts/Poppins-SemiBoldItalic.ttf'
[22040:4416:0913/220519.511:VERBOSE1:third_party\zlib\google\zip.cc:183] Skipped ZIP entry 'fonts/Poppins-Thin.ttf'
[22040:4416:0913/220519.512:VERBOSE1:third_party\zlib\google\zip.cc:183] Skipped ZIP entry 'fonts/Poppins-ThinItalic.ttf'
[22040:4416:0913/220519.512:VERBOSE1:third_party\zlib\google\zip.cc:183] Skipped ZIP entry 'html/'
[22040:4416:0913/220519.513:VERBOSE1:third_party\zlib\google\zip.cc:183] Skipped ZIP entry 'html/about.html'
[22040:4416:0913/220519.513:VERBOSE1:third_party\zlib\google\zip.cc:183] Skipped ZIP entry 'html/activate_banner_mb.html'
[22040:4416:0913/220519.514:VERBOSE1:third_party\zlib\google\zip.cc:183] Skipped ZIP entry 'html/balloon_message/'
[22040:4416:0913/220519.515:VERBOSE1:third_party\zlib\google\zip.cc:183] Skipped ZIP entry 'html/balloon_message/advanced_protection_signal.html'
[22040:4416:0913/220519.516:VERBOSE1:third_party\zlib\google\zip.cc:183] Skipped ZIP entry 'html/balloon_message/advanced_protection_signal_toast.html'
[22040:4416:0913/220519.516:VERBOSE1:third_party\zlib\google\zip.cc:183] Skipped ZIP entry 'html/balloon_message/download_scan_popup.html'
[22040:4416:0913/220519.517:VERBOSE1:third_party\zlib\google\zip.cc:183] Skipped ZIP entry 'html/balloon_message/dws.html'
[22040:4416:0913/220519.517:VERBOSE1:third_party\zlib\google\zip.cc:183] Skipped ZIP entry 'html/balloon_message/esd_enrolled_detection_toast.html'
[22040:4416:0913/220519.518:VERBOSE1:third_party\zlib\google\zip.cc:183] Skipped ZIP entry 'html/balloon_message/esd_enrolled_intro_toast.html'
[22040:4416:0913/220519.518:VERBOSE1:third_party\zlib\google\zip.cc:183] Skipped ZIP entry 'html/balloon_message/esd_toast.html'
[22040:4416:0913/220519.519:VERBOSE1:third_party\zlib\google\zip.cc:183] Skipped ZIP entry 'html/balloon_message/no_native_toast.html'
[22040:4416:0913/220519.519:VERBOSE1:third_party\zlib\google\zip.cc:183] Skipped ZIP entry 'html/dfd_landing_page.html'
[22040:4416:0913/220519.520:VERBOSE1:third_party\zlib\google\zip.cc:183] Skipped ZIP entry 'html/foreground_sidebar_main.html'
[22040:4416:0913/220519.520:VERBOSE1:third_party\zlib\google\zip.cc:183] Skipped ZIP entry 'html/how_it_works.html'
[22040:4416:0913/220519.521:VERBOSE1:third_party\zlib\google\zip.cc:183] Skipped ZIP entry 'html/iframe_block_page.html'
[22040:4416:0913/220519.521:VERBOSE1:third_party\zlib\google\zip.cc:183] Skipped ZIP entry 'html/nps_survey.html'
[22040:4416:0913/220519.522:VERBOSE1:third_party\zlib\google\zip.cc:183] Skipped ZIP entry 'html/page_banner_mb.html'
[22040:4416:0913/220519.523:VERBOSE1:third_party\zlib\google\zip.cc:183] Skipped ZIP entry 'html/preference.html'
[22040:4416:0913/220519.523:VERBOSE1:third_party\zlib\google\zip.cc:183] Skipped ZIP entry 'html/settings.html'
[22040:4416:0913/220519.524:VERBOSE1:third_party\zlib\google\zip.cc:183] Skipped ZIP entry 'html/sidebar/'
[22040:4416:0913/220519.524:VERBOSE1:third_party\zlib\google\zip.cc:183] Skipped ZIP entry 'html/sidebar/sidebar_main/'
[22040:4416:0913/220519.527:VERBOSE1:third_party\zlib\google\zip.cc:183] Skipped ZIP entry 'html/sidebar/sidebar_main/sidebar_esd.html'
[22040:4416:0913/220519.527:VERBOSE1:third_party\zlib\google\zip.cc:183] Skipped ZIP entry 'html/sidebar/sidebar_main/sidebar_home.html'
[22040:4416:0913/220519.528:VERBOSE1:third_party\zlib\google\zip.cc:183] Skipped ZIP entry 'html/sidebar/sidebar_main/sidebar_main.html'
[22040:4416:0913/220519.529:VERBOSE1:third_party\zlib\google\zip.cc:183] Skipped ZIP entry 'html/sidebar/sidebar_main/sidebar_mb.html'
[22040:4416:0913/220519.529:VERBOSE1:third_party\zlib\google\zip.cc:183] Skipped ZIP entry 'html/sidebar/sidebar_main/sidebar_mb_faq.html'
[22040:4416:0913/220519.530:VERBOSE1:third_party\zlib\google\zip.cc:183] Skipped ZIP entry 'html/sidebar/sidebar_rat_detection.html'
[22040:4416:0913/220519.531:VERBOSE1:third_party\zlib\google\zip.cc:183] Skipped ZIP entry 'html/site_status_block_page.html'
[22040:4416:0913/220519.531:VERBOSE1:third_party\zlib\google\zip.cc:183] Skipped ZIP entry 'html/site_status_site_report.html'
[22040:4416:0913/220519.532:VERBOSE1:third_party\zlib\google\zip.cc:183] Skipped ZIP entry 'html/site_status_typosquatting.html'
[22040:4416:0913/220519.532:VERBOSE1:third_party\zlib\google\zip.cc:183] Skipped ZIP entry 'html/statistics.html'
[22040:4416:0913/220519.533:VERBOSE1:third_party\zlib\google\zip.cc:183] Skipped ZIP entry 'html/topbar/'
[22040:4416:0913/220519.533:VERBOSE1:third_party\zlib\google\zip.cc:183] Skipped ZIP entry 'html/topbar/topbar_iframe_block.html'
[22040:4416:0913/220519.534:VERBOSE1:third_party\zlib\google\zip.cc:183] Skipped ZIP entry 'html/whitelist.html'
[22040:4416:0913/220519.534:VERBOSE1:third_party\zlib\google\zip.cc:183] Skipped ZIP entry 'css/'
[22040:4416:0913/220519.535:VERBOSE1:third_party\zlib\google\zip.cc:183] Skipped ZIP entry 'css/activate_banner_mb.css'
[22040:4416:0913/220519.535:VERBOSE1:third_party\zlib\google\zip.cc:183] Skipped ZIP entry 'css/advanced_protection_signal.css'
[22040:4416:0913/220519.536:VERBOSE1:third_party\zlib\google\zip.cc:183] Skipped ZIP entry 'css/advanced_protection_signal_toast.css'
[22040:4416:0913/220519.537:VERBOSE1:third_party\zlib\google\zip.cc:183] Skipped ZIP entry 'css/dfd_landing_page.css'
[22040:4416:0913/220519.538:VERBOSE1:third_party\zlib\google\zip.cc:183] Skipped ZIP entry 'css/download_scan_popup.css'
[22040:4416:0913/220519.538:VERBOSE1:third_party\zlib\google\zip.cc:183] Skipped ZIP entry 'css/dws.css'
[22040:4416:0913/220519.539:VERBOSE1:third_party\zlib\google\zip.cc:183] Skipped ZIP entry 'css/esd_enrolled_detection_toast.css'
[22040:4416:0913/220519.539:VERBOSE1:third_party\zlib\google\zip.cc:183] Skipped ZIP entry 'css/esd_enrolled_intro_toast.css'
[22040:4416:0913/220519.539:VERBOSE1:third_party\zlib\google\zip.cc:183] Skipped ZIP entry 'css/esd_toast.css'
[22040:4416:0913/220519.540:VERBOSE1:third_party\zlib\google\zip.cc:183] Skipped ZIP entry 'css/foreground_sidebar_main.css'
[22040:4416:0913/220519.541:VERBOSE1:third_party\zlib\google\zip.cc:183] Skipped ZIP entry 'css/how_it_works.css'
[22040:4416:0913/220519.543:VERBOSE1:third_party\zlib\google\zip.cc:183] Skipped ZIP entry 'css/iframe_block_page.css'
[22040:4416:0913/220519.545:VERBOSE1:third_party\zlib\google\zip.cc:183] Skipped ZIP entry 'css/interactive_balloon.css'
[22040:4416:0913/220519.545:VERBOSE1:third_party\zlib\google\zip.cc:183] Skipped ZIP entry 'css/mb_activate_banner.css'
[22040:4416:0913/220519.546:VERBOSE1:third_party\zlib\google\zip.cc:183] Skipped ZIP entry 'css/mb_page_banner.css'
[22040:4416:0913/220519.546:VERBOSE1:third_party\zlib\google\zip.cc:183] Skipped ZIP entry 'css/mcafee_fonts.css'
[22040:4416:0913/220519.547:VERBOSE1:third_party\zlib\google\zip.cc:183] Skipped ZIP entry 'css/no_native_toast.css'
[22040:4416:0913/220519.548:VERBOSE1:third_party\zlib\google\zip.cc:183] Skipped ZIP entry 'css/nps_survey.css'
[22040:4416:0913/220519.548:VERBOSE1:third_party\zlib\google\zip.cc:183] Skipped ZIP entry 'css/page_banner_mb.css'
[22040:4416:0913/220519.549:VERBOSE1:third_party\zlib\google\zip.cc:183] Skipped ZIP entry 'css/scripts/'
[22040:4416:0913/220519.549:VERBOSE1:third_party\zlib\google\zip.cc:183] Skipped ZIP entry 'css/scripts/content_aps_balloon.css'
[22040:4416:0913/220519.550:VERBOSE1:third_party\zlib\google\zip.cc:183] Skipped ZIP entry 'css/scripts/content_aps_toast.css'
[22040:4416:0913/220519.550:VERBOSE1:third_party\zlib\google\zip.cc:183] Skipped ZIP entry 'css/scripts/content_download_scan_popup.css'
[22040:4416:0913/220519.550:VERBOSE1:third_party\zlib\google\zip.cc:183] Skipped ZIP entry 'css/scripts/content_esd_enrolled_toast.css'
[22040:4416:0913/220519.551:VERBOSE1:third_party\zlib\google\zip.cc:183] Skipped ZIP entry 'css/scripts/content_esd_toast.css'
[22040:4416:0913/220519.551:VERBOSE1:third_party\zlib\google\zip.cc:183] Skipped ZIP entry 'css/scripts/content_idps.css'
[22040:4416:0913/220519.552:VERBOSE1:third_party\zlib\google\zip.cc:183] Skipped ZIP entry 'css/scripts/content_mb_activate_banner.css'
[22040:4416:0913/220519.552:VERBOSE1:third_party\zlib\google\zip.cc:183] Skipped ZIP entry 'css/scripts/content_mb_page_banner.css'
[22040:4416:0913/220519.552:VERBOSE1:third_party\zlib\google\zip.cc:183] Skipped ZIP entry 'css/scripts/content_no_native_toast.css'
[22040:4416:0913/220519.553:VERBOSE1:third_party\zlib\google\zip.cc:183] Skipped ZIP entry 'css/settings.css'
[22040:4416:0913/220519.553:VERBOSE1:third_party\zlib\google\zip.cc:183] Skipped ZIP entry 'css/sidebar_esd.css'
[22040:4416:0913/220519.554:VERBOSE1:third_party\zlib\google\zip.cc:183] Skipped ZIP entry 'css/sidebar_home.css'
[22040:4416:0913/220519.554:VERBOSE1:third_party\zlib\google\zip.cc:183] Skipped ZIP entry 'css/sidebar_main.css'
[22040:4416:0913/220519.554:VERBOSE1:third_party\zlib\google\zip.cc:183] Skipped ZIP entry 'css/sidebar_mb.css'
[22040:4416:0913/220519.555:VERBOSE1:third_party\zlib\google\zip.cc:183] Skipped ZIP entry 'css/sidebar_mb_faq.css'
[22040:4416:0913/220519.555:VERBOSE1:third_party\zlib\google\zip.cc:183] Skipped ZIP entry 'css/sidebar_rat_detection.css'
[22040:4416:0913/220519.556:VERBOSE1:third_party\zlib\google\zip.cc:183] Skipped ZIP entry 'css/site_status_block_page.css'
[22040:4416:0913/220519.556:VERBOSE1:third_party\zlib\google\zip.cc:183] Skipped ZIP entry 'css/site_status_site_report.css'
[22040:4416:0913/220519.557:VERBOSE1:third_party\zlib\google\zip.cc:183] Skipped ZIP entry 'css/site_status_typosquatting.css'
[22040:4416:0913/220519.557:VERBOSE1:third_party\zlib\google\zip.cc:183] Skipped ZIP entry 'css/topbar_iframe_block.css'
[22040:4416:0913/220519.560:VERBOSE1:third_party\zlib\google\zip.cc:183] Skipped ZIP entry 'dnr_rules/'
[22040:4416:0913/220519.561:VERBOSE1:third_party\zlib\google\zip.cc:183] Skipped ZIP entry 'dnr_rules/sdk_block_rules.json'
[22040:4416:0913/220519.563:VERBOSE1:third_party\zlib\google\zip.cc:183] Skipped ZIP entry '_metadata/'
[22040:4416:0913/220519.563:VERBOSE1:third_party\zlib\google\zip.cc:183] Skipped ZIP entry '_metadata/verified_contents.json'
[10440:18072:0913/220519.639:VERBOSE1:base\allocator\scheduler_loop_quarantine_config.cc:195] No entry found for utility.unz..om.Unzipper/global.
[10440:18072:0913/220519.639:VERBOSE1:base\allocator\scheduler_loop_quarantine_config.cc:195] No entry found for utility.unzip.mojom.Unzipper/*.
[10440:18072:0913/220519.639:VERBOSE1:base\allocator\scheduler_loop_quarantine_config.cc:195] No entry found for utility.unzi..jom.Unzipper/main.
[10440:20960:0913/220519.720:VERBOSE1:third_party\zlib\google\zip.cc:183] Skipped ZIP entry 'manifest.json'
[7224:21816:0913/220519.744:VERBOSE1:net\base\network_delegate.cc:38] NetworkDelegate::NotifyBeforeURLRequest: http://r2---sn-ci5gup-5hqz.gvt1.com/edgedl/chromewebstore/L2Nocm9tZV9leHRlbnNpb24vYmxvYnMvNzI0QUFXNV9zT2RvdUwyMERESEZGVmJnQQ/1.0.0.6_nmmhkkegccagdldgiimedpiccmgmieda.crx?cms_redirect=yes&met=1789317296,&mh=e_&mip=2401:4900:ac33:1f53:69c8:f853:eb85:8385&mm=28&mn=sn-ci5gup-5hqz&ms=nvh&mt=1789316890&mv=m&mvi=2&pl=44&rmhost=r3---sn-ci5gup-5hqz.gvt1.com&rms=nvh,nvh&shardbypass=sd
[3596:10568:0913/220520.329:VERBOSE1:chrome\browser\profiles\profile_manager.cc:1405] AddKeepAlive(Default, kExtensionUpdater). keep_alives=[kBrowserWindow (1), kExtensionUpdater (3)]
[21420:22804:0913/220521.522:VERBOSE1:base\allocator\scheduler_loop_quarantine_config.cc:195] No entry found for utility.unz..om.Unzipper/global.
[21420:22804:0913/220521.522:VERBOSE1:base\allocator\scheduler_loop_quarantine_config.cc:195] No entry found for utility.unzip.mojom.Unzipper/*.
[21420:22804:0913/220521.522:VERBOSE1:base\allocator\scheduler_loop_quarantine_config.cc:195] No entry found for utility.unzi..jom.Unzipper/main.
[21420:21340:0913/220521.534:VERBOSE1:third_party\zlib\google\zip.cc:183] Skipped ZIP entry '_locales/'
[21420:21340:0913/220521.534:VERBOSE1:third_party\zlib\google\zip.cc:183] Skipped ZIP entry '_locales/bg/'
[21420:21340:0913/220521.536:VERBOSE1:third_party\zlib\google\zip.cc:183] Skipped ZIP entry '_locales/bg/messages.json'
[21420:21340:0913/220521.536:VERBOSE1:third_party\zlib\google\zip.cc:183] Skipped ZIP entry '_locales/ca/'
[21420:21340:0913/220521.536:VERBOSE1:third_party\zlib\google\zip.cc:183] Skipped ZIP entry '_locales/ca/messages.json'
[21420:21340:0913/220521.538:VERBOSE1:third_party\zlib\google\zip.cc:183] Skipped ZIP entry '_locales/cs/'
[21420:21340:0913/220521.538:VERBOSE1:third_party\zlib\google\zip.cc:183] Skipped ZIP entry '_locales/cs/messages.json'
[21420:21340:0913/220521.540:VERBOSE1:third_party\zlib\google\zip.cc:183] Skipped ZIP entry '_locales/da/'
[21420:21340:0913/220521.540:VERBOSE1:third_party\zlib\google\zip.cc:183] Skipped ZIP entry '_locales/da/messages.json'
[21420:21340:0913/220521.542:VERBOSE1:third_party\zlib\google\zip.cc:183] Skipped ZIP entry '_locales/de/'
[21420:21340:0913/220521.544:VERBOSE1:third_party\zlib\google\zip.cc:183] Skipped ZIP entry '_locales/de/messages.json'
[21420:21340:0913/220521.544:VERBOSE1:third_party\zlib\google\zip.cc:183] Skipped ZIP entry '_locales/el/'
[21420:21340:0913/220521.546:VERBOSE1:third_party\zlib\google\zip.cc:183] Skipped ZIP entry '_locales/el/messages.json'
[21420:21340:0913/220521.546:VERBOSE1:third_party\zlib\google\zip.cc:183] Skipped ZIP entry '_locales/en/'
[21420:21340:0913/220521.548:VERBOSE1:third_party\zlib\google\zip.cc:183] Skipped ZIP entry '_locales/en/messages.json'
[21420:21340:0913/220521.548:VERBOSE1:third_party\zlib\google\zip.cc:183] Skipped ZIP entry '_locales/en_GB/'
[21420:21340:0913/220521.550:VERBOSE1:third_party\zlib\google\zip.cc:183] Skipped ZIP entry '_locales/en_GB/messages.json'
[21420:21340:0913/220521.550:VERBOSE1:third_party\zlib\google\zip.cc:183] Skipped ZIP entry '_locales/es/'
[21420:21340:0913/220521.552:VERBOSE1:third_party\zlib\google\zip.cc:183] Skipped ZIP entry '_locales/es/messages.json'
[21420:21340:0913/220521.552:VERBOSE1:third_party\zlib\google\zip.cc:183] Skipped ZIP entry '_locales/es_419/'
[21420:21340:0913/220521.552:VERBOSE1:third_party\zlib\google\zip.cc:183] Skipped ZIP entry '_locales/es_419/messages.json'
[21420:21340:0913/220521.554:VERBOSE1:third_party\zlib\google\zip.cc:183] Skipped ZIP entry '_locales/et/'
[21420:21340:0913/220521.554:VERBOSE1:third_party\zlib\google\zip.cc:183] Skipped ZIP entry '_locales/et/messages.json'
[21420:21340:0913/220521.554:VERBOSE1:third_party\zlib\google\zip.cc:183] Skipped ZIP entry '_locales/fi/'
[21420:21340:0913/220521.556:VERBOSE1:third_party\zlib\google\zip.cc:183] Skipped ZIP entry '_locales/fi/messages.json'
[21420:21340:0913/220521.556:VERBOSE1:third_party\zlib\google\zip.cc:183] Skipped ZIP entry '_locales/fil/'
[21420:21340:0913/220521.556:VERBOSE1:third_party\zlib\google\zip.cc:183] Skipped ZIP entry '_locales/fil/messages.json'
[21420:21340:0913/220521.559:VERBOSE1:third_party\zlib\google\zip.cc:183] Skipped ZIP entry '_locales/fr/'
[21420:21340:0913/220521.559:VERBOSE1:third_party\zlib\google\zip.cc:183] Skipped ZIP entry '_locales/fr/messages.json'
[21420:21340:0913/220521.561:VERBOSE1:third_party\zlib\google\zip.cc:183] Skipped ZIP entry '_locales/hi/'
[21420:21340:0913/220521.561:VERBOSE1:third_party\zlib\google\zip.cc:183] Skipped ZIP entry '_locales/hi/messages.json'
[21420:21340:0913/220521.561:VERBOSE1:third_party\zlib\google\zip.cc:183] Skipped ZIP entry '_locales/hr/'
[21420:21340:0913/220521.563:VERBOSE1:third_party\zlib\google\zip.cc:183] Skipped ZIP entry '_locales/hr/messages.json'
[21420:21340:0913/220521.563:VERBOSE1:third_party\zlib\google\zip.cc:183] Skipped ZIP entry '_locales/hu/'
[21420:21340:0913/220521.563:VERBOSE1:third_party\zlib\google\zip.cc:183] Skipped ZIP entry '_locales/hu/messages.json'
[21420:21340:0913/220521.565:VERBOSE1:third_party\zlib\google\zip.cc:183] Skipped ZIP entry '_locales/id/'
[21420:21340:0913/220521.565:VERBOSE1:third_party\zlib\google\zip.cc:183] Skipped ZIP entry '_locales/id/messages.json'
[21420:21340:0913/220521.565:VERBOSE1:third_party\zlib\google\zip.cc:183] Skipped ZIP entry '_locales/it/'
[21420:21340:0913/220521.565:VERBOSE1:third_party\zlib\google\zip.cc:183] Skipped ZIP entry '_locales/it/messages.json'
[21420:21340:0913/220521.567:VERBOSE1:third_party\zlib\google\zip.cc:183] Skipped ZIP entry '_locales/ja/'
[21420:21340:0913/220521.567:VERBOSE1:third_party\zlib\google\zip.cc:183] Skipped ZIP entry '_locales/ja/messages.json'
[21420:21340:0913/220521.567:VERBOSE1:third_party\zlib\google\zip.cc:183] Skipped ZIP entry '_locales/ko/'
[21420:21340:0913/220521.569:VERBOSE1:third_party\zlib\google\zip.cc:183] Skipped ZIP entry '_locales/ko/messages.json'
[21420:21340:0913/220521.569:VERBOSE1:third_party\zlib\google\zip.cc:183] Skipped ZIP entry '_locales/lt/'
[21420:21340:0913/220521.569:VERBOSE1:third_party\zlib\google\zip.cc:183] Skipped ZIP entry '_locales/lt/messages.json'
[21420:21340:0913/220521.569:VERBOSE1:third_party\zlib\google\zip.cc:183] Skipped ZIP entry '_locales/lv/'
[21420:21340:0913/220521.571:VERBOSE1:third_party\zlib\google\zip.cc:183] Skipped ZIP entry '_locales/lv/messages.json'
[21420:21340:0913/220521.571:VERBOSE1:third_party\zlib\google\zip.cc:183] Skipped ZIP entry '_locales/nb/'
[21420:21340:0913/220521.571:VERBOSE1:third_party\zlib\google\zip.cc:183] Skipped ZIP entry '_locales/nb/messages.json'
[21420:21340:0913/220521.573:VERBOSE1:third_party\zlib\google\zip.cc:183] Skipped ZIP entry '_locales/nl/'
[21420:21340:0913/220521.573:VERBOSE1:third_party\zlib\google\zip.cc:183] Skipped ZIP entry '_locales/nl/messages.json'
[21420:21340:0913/220521.577:VERBOSE1:third_party\zlib\google\zip.cc:183] Skipped ZIP entry '_locales/pl/'
[21420:21340:0913/220521.577:VERBOSE1:third_party\zlib\google\zip.cc:183] Skipped ZIP entry '_locales/pl/messages.json'
[21420:21340:0913/220521.579:VERBOSE1:third_party\zlib\google\zip.cc:183] Skipped ZIP entry '_locales/pt_BR/'
[21420:21340:0913/220521.579:VERBOSE1:third_party\zlib\google\zip.cc:183] Skipped ZIP entry '_locales/pt_BR/messages.json'
[21420:21340:0913/220521.579:VERBOSE1:third_party\zlib\google\zip.cc:183] Skipped ZIP entry '_locales/pt_PT/'
[21420:21340:0913/220521.579:VERBOSE1:third_party\zlib\google\zip.cc:183] Skipped ZIP entry '_locales/pt_PT/messages.json'
[21420:21340:0913/220521.581:VERBOSE1:third_party\zlib\google\zip.cc:183] Skipped ZIP entry '_locales/ro/'
[21420:21340:0913/220521.581:VERBOSE1:third_party\zlib\google\zip.cc:183] Skipped ZIP entry '_locales/ro/messages.json'
[21420:21340:0913/220521.583:VERBOSE1:third_party\zlib\google\zip.cc:183] Skipped ZIP entry '_locales/ru/'
[21420:21340:0913/220521.583:VERBOSE1:third_party\zlib\google\zip.cc:183] Skipped ZIP entry '_locales/ru/messages.json'
[21420:21340:0913/220521.583:VERBOSE1:third_party\zlib\google\zip.cc:183] Skipped ZIP entry '_locales/sk/'
[21420:21340:0913/220521.585:VERBOSE1:third_party\zlib\google\zip.cc:183] Skipped ZIP entry '_locales/sk/messages.json'
[21420:21340:0913/220521.585:VERBOSE1:third_party\zlib\google\zip.cc:183] Skipped ZIP entry '_locales/sl/'
[21420:21340:0913/220521.585:VERBOSE1:third_party\zlib\google\zip.cc:183] Skipped ZIP entry '_locales/sl/messages.json'
[21420:21340:0913/220521.585:VERBOSE1:third_party\zlib\google\zip.cc:183] Skipped ZIP entry '_locales/sr/'
[21420:21340:0913/220521.587:VERBOSE1:third_party\zlib\google\zip.cc:183] Skipped ZIP entry '_locales/sr/messages.json'
[21420:21340:0913/220521.587:VERBOSE1:third_party\zlib\google\zip.cc:183] Skipped ZIP entry '_locales/sv/'
[21420:21340:0913/220521.587:VERBOSE1:third_party\zlib\google\zip.cc:183] Skipped ZIP entry '_locales/sv/messages.json'
[21420:21340:0913/220521.589:VERBOSE1:third_party\zlib\google\zip.cc:183] Skipped ZIP entry '_locales/th/'
[21420:21340:0913/220521.589:VERBOSE1:third_party\zlib\google\zip.cc:183] Skipped ZIP entry '_locales/th/messages.json'
[21420:21340:0913/220521.589:VERBOSE1:third_party\zlib\google\zip.cc:183] Skipped ZIP entry '_locales/tr/'
[21420:21340:0913/220521.593:VERBOSE1:third_party\zlib\google\zip.cc:183] Skipped ZIP entry '_locales/tr/messages.json'
[21420:21340:0913/220521.593:VERBOSE1:third_party\zlib\google\zip.cc:183] Skipped ZIP entry '_locales/uk/'
[21420:21340:0913/220521.595:VERBOSE1:third_party\zlib\google\zip.cc:183] Skipped ZIP entry '_locales/uk/messages.json'
[21420:21340:0913/220521.595:VERBOSE1:third_party\zlib\google\zip.cc:183] Skipped ZIP entry '_locales/vi/'
[21420:21340:0913/220521.595:VERBOSE1:third_party\zlib\google\zip.cc:183] Skipped ZIP entry '_locales/vi/messages.json'
[21420:21340:0913/220521.595:VERBOSE1:third_party\zlib\google\zip.cc:183] Skipped ZIP entry '_locales/zh_CN/'
[21420:21340:0913/220521.597:VERBOSE1:third_party\zlib\google\zip.cc:183] Skipped ZIP entry '_locales/zh_CN/messages.json'
[21420:21340:0913/220521.597:VERBOSE1:third_party\zlib\google\zip.cc:183] Skipped ZIP entry '_locales/zh_TW/'
[21420:21340:0913/220521.597:VERBOSE1:third_party\zlib\google\zip.cc:183] Skipped ZIP entry '_locales/zh_TW/messages.json'
[21420:21340:0913/220521.599:VERBOSE1:third_party\zlib\google\zip.cc:183] Skipped ZIP entry 'craw_background.js'
[21420:21340:0913/220521.599:VERBOSE1:third_party\zlib\google\zip.cc:183] Skipped ZIP entry 'craw_window.js'
[21420:21340:0913/220521.599:VERBOSE1:third_party\zlib\google\zip.cc:183] Skipped ZIP entry 'css/'
[21420:21340:0913/220521.601:VERBOSE1:third_party\zlib\google\zip.cc:183] Skipped ZIP entry 'css/craw_window.css'
[21420:21340:0913/220521.601:VERBOSE1:third_party\zlib\google\zip.cc:183] Skipped ZIP entry 'html/'
[21420:21340:0913/220521.601:VERBOSE1:third_party\zlib\google\zip.cc:183] Skipped ZIP entry 'html/craw_window.html'
[21420:21340:0913/220521.603:VERBOSE1:third_party\zlib\google\zip.cc:183] Skipped ZIP entry 'images/'
[21420:21340:0913/220521.603:VERBOSE1:third_party\zlib\google\zip.cc:183] Skipped ZIP entry 'images/flapper.gif'
[21420:21340:0913/220521.603:VERBOSE1:third_party\zlib\google\zip.cc:183] Skipped ZIP entry 'images/icon_128.png'
[21420:21340:0913/220521.605:VERBOSE1:third_party\zlib\google\zip.cc:183] Skipped ZIP entry 'images/icon_16.png'
[21420:21340:0913/220521.605:VERBOSE1:third_party\zlib\google\zip.cc:183] Skipped ZIP entry 'images/topbar_floating_button.png'
[21420:21340:0913/220521.605:VERBOSE1:third_party\zlib\google\zip.cc:183] Skipped ZIP entry 'images/topbar_floating_button_close.png'
[21420:21340:0913/220521.607:VERBOSE1:third_party\zlib\google\zip.cc:183] Skipped ZIP entry 'images/topbar_floating_button_hover.png'
[21420:21340:0913/220521.607:VERBOSE1:third_party\zlib\google\zip.cc:183] Skipped ZIP entry 'images/topbar_floating_button_maximize.png'
[21420:21340:0913/220521.609:VERBOSE1:third_party\zlib\google\zip.cc:183] Skipped ZIP entry 'images/topbar_floating_button_pressed.png'
[21420:21340:0913/220521.613:VERBOSE1:third_party\zlib\google\zip.cc:183] Skipped ZIP entry '_metadata/'
[21420:21340:0913/220521.613:VERBOSE1:third_party\zlib\google\zip.cc:183] Skipped ZIP entry '_metadata/verified_contents.json'
[23120:12956:0913/220522.020:VERBOSE1:base\allocator\scheduler_loop_quarantine_config.cc:195] No entry found for utility.dat..oderService/global.
[23120:12956:0913/220522.020:VERBOSE1:base\allocator\scheduler_loop_quarantine_config.cc:195] No entry found for utility.data_..ecoderService/*.
[23120:12956:0913/220522.020:VERBOSE1:base\allocator\scheduler_loop_quarantine_config.cc:195] No entry found for utility.data..coderService/main.
[16948:12084:0913/220522.366:VERBOSE1:base\allocator\scheduler_loop_quarantine_config.cc:195] No entry found for utility.unz..om.Unzipper/global.
[16948:12084:0913/220522.366:VERBOSE1:base\allocator\scheduler_loop_quarantine_config.cc:195] No entry found for utility.unzip.mojom.Unzipper/*.
[16948:12084:0913/220522.366:VERBOSE1:base\allocator\scheduler_loop_quarantine_config.cc:195] No entry found for utility.unzi..jom.Unzipper/main.
[3596:10568:0913/220522.430:VERBOSE1:extensions\browser\install_signer.cc:349] Sending request: {"hash":"jP50BiWZDcyPlwFxykU3H9Gnu25YAfCyJJRVDL4Z5Y8=","ids":["fheoggkfdfchfphceeifdbepaooicaho"],"protocol_version":1}
[7224:21816:0913/220522.430:VERBOSE1:net\base\network_delegate.cc:38] NetworkDelegate::NotifyBeforeURLRequest: https://www.googleapis.com/chromewebstore/v1.1/items/verify
[7224:21816:0913/220522.437:VERBOSE1:net\base\network_delegate.cc:38] NetworkDelegate::NotifyBeforeURLRequest: https://chromewebstore.googleapis.com/v2/items/fheoggkfdfchfphceeifdbepaooicaho:fetchItemSnippet
[3596:10568:0913/220522.448:VERBOSE1:chrome\browser\profiles\profile_manager.cc:1466] RemoveKeepAlive(Default, kExtensionUpdater). keep_alives=[kBrowserWindow (1), kExtensionUpdater (2)]
[16948:16916:0913/220522.719:VERBOSE1:third_party\zlib\google\zip.cc:183] Skipped ZIP entry 'manifest.json'
[3596:10568:0913/220523.398:VERBOSE1:extensions\browser\install_signer.cc:370] Got response: {
  "protocol_version": 1,
  "signature": "hKiWND8KkHStGW3zShZXWunPFCXpOsXK8dXvThINu3sJQIzCbIPIDPV6+/mBFwtm6kuSFQ+mZMOAOesla7UJJ570/6bubjCMHMLE3IWmC4hy5wqrusn7xPP6Pt9pJasNOw/BpECPCdy+nfLp7Dk1aIM4AquViui01x3H9vzFlLVGE/re0DhJGoYxdy+avCOTejvkmNeHGIDnmVXaukYkQagRT1aIeYMQIL9At+w3GYnnW7rB8yDfy53r72ytAyOeRj/gGBmTeWjakHM8bFGIFjYplmylJKBvAwS3UCk091j07vwpJgMyASGp/KlIM/ZMaHNbbKxx2VIg5DD/fNofeA==",
  "expiry": "2026-12-06",
  "pubkey_sha1_hash": "a2159534e3753e716819beb8aae14b326927505a"
}

[11252:22784:0913/220526.015:VERBOSE1:base\allocator\scheduler_loop_quarantine_config.cc:195] No entry found for utility.dat..oderService/global.
[11252:22784:0913/220526.015:VERBOSE1:base\allocator\scheduler_loop_quarantine_config.cc:195] No entry found for utility.data_..ecoderService/*.
[11252:22784:0913/220526.015:VERBOSE1:base\allocator\scheduler_loop_quarantine_config.cc:195] No entry found for utility.data..coderService/main.
[3596:10568:0913/220528.004:VERBOSE1:components\signin\internal\identity_manager\mutable_profile_oauth2_token_service_delegate.cc:461] MutablePO2TS::RefreshTokenIsAvailable
[3596:10568:0913/220528.005:VERBOSE1:chrome\browser\profiles\profile_manager.cc:1466] RemoveKeepAlive(Default, kExtensionUpdater). keep_alives=[kBrowserWindow (1), kExtensionUpdater (1)]
[3596:10568:0913/220528.005:VERBOSE1:chrome\browser\profiles\profile_manager.cc:1466] RemoveKeepAlive(Default, kExtensionUpdater). keep_alives=[kBrowserWindow (1)]
[3596:16164:0913/220528.039:VERBOSE1:extensions\browser\content_verifier\content_hash.cc:397] content mismatch for _locales/bg/messages.json
[3596:16164:0913/220528.039:VERBOSE1:extensions\browser\content_verifier\content_hash.cc:397] content mismatch for _locales/ca/messages.json
[3596:16164:0913/220528.039:VERBOSE1:extensions\browser\content_verifier\content_hash.cc:397] content mismatch for _locales/cs/messages.json
[3596:16164:0913/220528.039:VERBOSE1:extensions\browser\content_verifier\content_hash.cc:397] content mismatch for _locales/da/messages.json
[3596:16164:0913/220528.039:VERBOSE1:extensions\browser\content_verifier\content_hash.cc:397] content mismatch for _locales/de/messages.json
[3596:16164:0913/220528.039:VERBOSE1:extensions\browser\content_verifier\content_hash.cc:397] content mismatch for _locales/el/messages.json
[3596:16164:0913/220528.039:VERBOSE1:extensions\browser\content_verifier\content_hash.cc:397] content mismatch for _locales/en/messages.json
[3596:16164:0913/220528.039:VERBOSE1:extensions\browser\content_verifier\content_hash.cc:397] content mismatch for _locales/en_GB/messages.json
[3596:16164:0913/220528.039:VERBOSE1:extensions\browser\content_verifier\content_hash.cc:397] content mismatch for _locales/es/messages.json
[3596:16164:0913/220528.039:VERBOSE1:extensions\browser\content_verifier\content_hash.cc:397] content mismatch for _locales/es_419/messages.json
[3596:16164:0913/220528.039:VERBOSE1:extensions\browser\content_verifier\content_hash.cc:397] content mismatch for _locales/et/messages.json
[3596:16164:0913/220528.039:VERBOSE1:extensions\browser\content_verifier\content_hash.cc:397] content mismatch for _locales/fi/messages.json
[3596:16164:0913/220528.039:VERBOSE1:extensions\browser\content_verifier\content_hash.cc:397] content mismatch for _locales/fil/messages.json
[3596:16164:0913/220528.039:VERBOSE1:extensions\browser\content_verifier\content_hash.cc:397] content mismatch for _locales/fr/messages.json
[3596:16164:0913/220528.039:VERBOSE1:extensions\browser\content_verifier\content_hash.cc:397] content mismatch for _locales/hi/messages.json
[3596:16164:0913/220528.039:VERBOSE1:extensions\browser\content_verifier\content_hash.cc:397] content mismatch for _locales/hr/messages.json
[3596:16164:0913/220528.039:VERBOSE1:extensions\browser\content_verifier\content_hash.cc:397] content mismatch for _locales/hu/messages.json
[3596:16164:0913/220528.039:VERBOSE1:extensions\browser\content_verifier\content_hash.cc:397] content mismatch for _locales/id/messages.json
[3596:16164:0913/220528.039:VERBOSE1:extensions\browser\content_verifier\content_hash.cc:397] content mismatch for _locales/it/messages.json
[3596:16164:0913/220528.039:VERBOSE1:extensions\browser\content_verifier\content_hash.cc:397] content mismatch for _locales/ja/messages.json
[3596:16164:0913/220528.039:VERBOSE1:extensions\browser\content_verifier\content_hash.cc:397] content mismatch for _locales/ko/messages.json
[3596:16164:0913/220528.039:VERBOSE1:extensions\browser\content_verifier\content_hash.cc:397] content mismatch for _locales/lt/messages.json
[3596:16164:0913/220528.039:VERBOSE1:extensions\browser\content_verifier\content_hash.cc:397] content mismatch for _locales/lv/messages.json
[3596:16164:0913/220528.039:VERBOSE1:extensions\browser\content_verifier\content_hash.cc:397] content mismatch for _locales/nb/messages.json
[3596:16164:0913/220528.039:VERBOSE1:extensions\browser\content_verifier\content_hash.cc:397] content mismatch for _locales/nl/messages.json
[3596:16164:0913/220528.039:VERBOSE1:extensions\browser\content_verifier\content_hash.cc:397] content mismatch for _locales/pl/messages.json
[3596:16164:0913/220528.039:VERBOSE1:extensions\browser\content_verifier\content_hash.cc:397] content mismatch for _locales/pt_BR/messages.json
[3596:16164:0913/220528.039:VERBOSE1:extensions\browser\content_verifier\content_hash.cc:397] content mismatch for _locales/pt_PT/messages.json
[3596:16164:0913/220528.039:VERBOSE1:extensions\browser\content_verifier\content_hash.cc:397] content mismatch for _locales/ro/messages.json
[3596:16164:0913/220528.039:VERBOSE1:extensions\browser\content_verifier\content_hash.cc:397] content mismatch for _locales/ru/messages.json
[3596:16164:0913/220528.039:VERBOSE1:extensions\browser\content_verifier\content_hash.cc:397] content mismatch for _locales/sk/messages.json
[3596:16164:0913/220528.040:VERBOSE1:extensions\browser\content_verifier\content_hash.cc:397] content mismatch for _locales/sl/messages.json
[3596:16164:0913/220528.040:VERBOSE1:extensions\browser\content_verifier\content_hash.cc:397] content mismatch for _locales/sr/messages.json
[3596:16164:0913/220528.040:VERBOSE1:extensions\browser\content_verifier\content_hash.cc:397] content mismatch for _locales/sv/messages.json
[3596:16164:0913/220528.040:VERBOSE1:extensions\browser\content_verifier\content_hash.cc:397] content mismatch for _locales/th/messages.json
[3596:16164:0913/220528.040:VERBOSE1:extensions\browser\content_verifier\content_hash.cc:397] content mismatch for _locales/tr/messages.json
[3596:16164:0913/220528.040:VERBOSE1:extensions\browser\content_verifier\content_hash.cc:397] content mismatch for _locales/uk/messages.json
[3596:16164:0913/220528.040:VERBOSE1:extensions\browser\content_verifier\content_hash.cc:397] content mismatch for _locales/vi/messages.json
[3596:16164:0913/220528.040:VERBOSE1:extensions\browser\content_verifier\content_hash.cc:397] content mismatch for _locales/zh_CN/messages.json
[3596:16164:0913/220528.040:VERBOSE1:extensions\browser\content_verifier\content_hash.cc:397] content mismatch for _locales/zh_TW/messages.json
[3596:16164:0913/220528.040:VERBOSE1:extensions\browser\content_verifier\content_hash.cc:397] content mismatch for images/icon_128.png
[3596:16164:0913/220528.040:VERBOSE1:extensions\browser\content_verifier\content_hash.cc:397] content mismatch for images/icon_16.png
[3596:16164:0913/220528.040:VERBOSE1:extensions\browser\content_verifier\content_hash.cc:397] content mismatch for manifest.json
[15664:8484:0913/220528.094:VERBOSE1:base\allocator\scheduler_loop_quarantine_config.cc:195] No entry found for renderer/global.
[15664:8484:0913/220528.094:VERBOSE1:base\allocator\scheduler_loop_quarantine_config.cc:195] No entry found for renderer/*.
[15664:8484:0913/220528.095:VERBOSE1:base\allocator\scheduler_loop_quarantine_config.cc:195] No entry found for renderer/main.
[15664:8484:0913/220528.100:INFO:third_party\webrtc\rtc_base\cpu_info.cc:77] Available number of cores: 4
[15664:8484:0913/220528.164:VERBOSE1:extensions\renderer\script_context.cc:150] Created context:
  extension id:           nmmhkkegccagdldgiimedpiccmgmieda
  frame:                  0x29c02031738
  URL:                    
  context_type:           BLESSED_EXTENSION
  effective extension id: nmmhkkegccagdldgiimedpiccmgmieda
  effective context type: BLESSED_EXTENSION
[15664:8484:0913/220528.165:VERBOSE1:extensions\renderer\script_context.cc:150] Created context:
  extension id:           (none)
  frame:                  (nil)
  URL:                    
  context_type:           UNSPECIFIED
  effective extension id: (none)
  effective context type: UNSPECIFIED
[3596:21592:0913/220528.187:VERBOSE1:extensions\browser\content_verifier\content_verifier.cc:944] OnFetchComplete nmmhkkegccagdldgiimedpiccmgmieda success:1
[3596:16164:0913/220528.249:VERBOSE1:net\disk_cache\simple\simple_index_file.cc:625] Simple Cache Index is being restored from disk.
[3596:17696:0913/220528.251:VERBOSE1:net\disk_cache\simple\simple_index_file.cc:625] Simple Cache Index is being restored from disk.
[15664:8484:0913/220528.260:VERBOSE1:extensions\renderer\dispatcher.cc:487] Num tracked contexts: 1
[3596:21592:0913/220528.281:VERBOSE1:extensions\browser\content_verifier\content_verifier.cc:944] OnFetchComplete nmmhkkegccagdldgiimedpiccmgmieda success:1
[3596:22108:0913/220528.281:VERBOSE1:content\browser\loader\file_url_loader_factory.cc:476] FileURLLoader::Start: file:///C:/portfolio/folio/.chrome-debug/Default/Extensions/nmmhkkegccagdldgiimedpiccmgmieda/1.0.0.6_0/craw_background.js
[7224:10460:0913/220528.377:VERBOSE1:net\disk_cache\simple\simple_index_file.cc:625] Simple Cache Index is being restored from disk.
[7224:21816:0913/220529.754:VERBOSE1:net\base\network_delegate.cc:38] NetworkDelegate::NotifyBeforeURLRequest: https://android.clients.google.com/c2dm/register3
[7224:21816:0913/220530.830:VERBOSE1:net\third_party\quiche\src\quiche\quic\core\tls_handshaker.cc:109] TlsClient: Continuing handshake
[7224:21816:0913/220530.968:VERBOSE1:net\third_party\quiche\src\quiche\quic\core\tls_handshaker.cc:109] TlsClient: Continuing handshake
[7224:21816:0913/220530.968:VERBOSE1:net\third_party\quiche\src\quiche\quic\core\tls_handshaker.cc:109] TlsClient: Continuing handshake
[7224:21816:0913/220530.969:VERBOSE1:net\third_party\quiche\src\quiche\quic\core\tls_handshaker.cc:109] TlsClient: Continuing handshake
[7224:21816:0913/220530.969:VERBOSE1:net\third_party\quiche\src\quiche\quic\core\tls_handshaker.cc:109] TlsClient: Continuing handshake
[7224:21816:0913/220530.971:VERBOSE1:net\third_party\quiche\src\quiche\quic\core\tls_handshaker.cc:109] TlsClient: Continuing handshake
[3596:21592:0913/220531.182:ERROR:google_apis\gcm\engine\registration_request.cc:291] Registration response error message: DEPRECATED_ENDPOINT
[3596:21592:0913/220531.182:VERBOSE1:google_apis\gcm\engine\registration_request.cc:256] Delaying GCM registration of app: com.google.android.gms, for 89505 milliseconds.
[3596:21592:0913/220533.945:VERBOSE1:content\browser\renderer_host\media\media_stream_manager.cc:1544] MSPL::OnSpeedLimitChange({id=0EC03B5642ECE403008A596C055B90C3}, {new_limit=52})
[3596:21592:0913/220536.990:VERBOSE1:content\browser\renderer_host\media\media_stream_manager.cc:1544] MSPL::OnSpeedLimitChange({id=0EC03B5642ECE403008A596C055B90C3}, {new_limit=53})
[23308:10360:0913/220542.213:VERBOSE1:base\allocator\scheduler_loop_quarantine_config.cc:195] No entry found for gpu-process/global.
[23308:10360:0913/220542.213:VERBOSE1:base\allocator\scheduler_loop_quarantine_config.cc:195] No entry found for gpu-process/*.
[23308:10360:0913/220542.213:VERBOSE1:base\allocator\scheduler_loop_quarantine_config.cc:195] No entry found for gpu-process/main.
[23308:10360:0913/220542.454:VERBOSE1:components\viz\service\main\viz_main_impl.cc:87] VizNullHypothesis is disabled (not a warning)
[23308:23464:0913/220542.459:VERBOSE1:base\allocator\scheduler_loop_quarantine_config.cc:195] No entry found for gpu-process/viz-compositor.
[3596:21592:0913/220544.049:VERBOSE1:content\browser\renderer_host\media\media_stream_manager.cc:1544] MSPL::OnSpeedLimitChange({id=0EC03B5642ECE403008A596C055B90C3}, {new_limit=51})
[3596:21592:0913/220545.061:VERBOSE1:content\browser\renderer_host\media\media_stream_manager.cc:1544] MSPL::OnSpeedLimitChange({id=0EC03B5642ECE403008A596C055B90C3}, {new_limit=52})
[3596:21592:0913/220547.076:VERBOSE1:content\browser\renderer_host\media\media_stream_manager.cc:1544] MSPL::OnSpeedLimitChange({id=0EC03B5642ECE403008A596C055B90C3}, {new_limit=51})
[16752:20952:0913/220550.815:VERBOSE1:base\allocator\scheduler_loop_quarantine_config.cc:195] No entry found for utility.unz..om.Unzipper/global.
[16752:20952:0913/220550.815:VERBOSE1:base\allocator\scheduler_loop_quarantine_config.cc:195] No entry found for utility.unzip.mojom.Unzipper/*.
[16752:20952:0913/220550.817:VERBOSE1:base\allocator\scheduler_loop_quarantine_config.cc:195] No entry found for utility.unzi..jom.Unzipper/main.
[3596:21592:0913/220554.160:VERBOSE1:content\browser\renderer_host\media\media_stream_manager.cc:1544] MSPL::OnSpeedLimitChange({id=0EC03B5642ECE403008A596C055B90C3}, {new_limit=100})
[3596:16164:0913/220601.677:VERBOSE1:components\update_client\unpacker.cc:88] Verifying component: C:\portfolio\folio\.chrome-debug\component_crx_cache\ac91c67351ff255ece0738412f7508856ad3fdba3e1f3f941b595adebd2ada4e
[3596:16164:0913/220601.683:VERBOSE1:components\update_client\unpacker.cc:123] Unpacking in: C:\Users\HEETDA~1\AppData\Local\Temp\chrome_chrome_Unpacker_BeginUnzipping3596_1433685537
[15068:16372:0913/220602.234:VERBOSE1:base\allocator\scheduler_loop_quarantine_config.cc:195] No entry found for utility.unz..om.Unzipper/global.
[15068:16372:0913/220602.234:VERBOSE1:base\allocator\scheduler_loop_quarantine_config.cc:195] No entry found for utility.unzip.mojom.Unzipper/*.
[15068:16372:0913/220602.234:VERBOSE1:base\allocator\scheduler_loop_quarantine_config.cc:195] No entry found for utility.unzi..jom.Unzipper/main.
[3596:10568:0913/220602.395:WARNING:chrome\browser\performance_manager\policies\page_discarding_helper.cc:158] Discarding multiple pages with target (kb): 0, discard_protected_tabs: 0
[3596:16164:0913/220602.632:VERBOSE1:components\component_updater\component_installer.cc:180] Install: version=742 current version=0.0.0.0
[3596:16164:0913/220602.632:VERBOSE1:components\component_updater\component_installer.cc:199] unpack_path=C:\Users\HEETDA~1\AppData\Local\Temp\chrome_chrome_Unpacker_BeginUnzipping3596_1433685537 install_path=C:\portfolio\folio\.chrome-debug\OptimizationHints\742
[3596:10568:0913/220602.635:VERBOSE1:components\component_updater\component_installer.cc:620] Component ready, version 742 in C:\portfolio\folio\.chrome-debug\OptimizationHints\742
[7224:21816:0913/220602.637:VERBOSE1:net\base\network_delegate.cc:38] NetworkDelegate::NotifyBeforeURLRequest: https://update.googleapis.com/service/update2/json
[7224:21816:0913/220602.755:VERBOSE1:net\third_party\quiche\src\quiche\quic\core\tls_handshaker.cc:109] TlsClient: Continuing handshake
[7224:21816:0913/220602.877:VERBOSE1:net\third_party\quiche\src\quiche\quic\core\tls_handshaker.cc:109] TlsClient: Continuing handshake
[7224:21816:0913/220602.877:VERBOSE1:net\third_party\quiche\src\quiche\quic\core\tls_handshaker.cc:109] TlsClient: Continuing handshake
[7224:21816:0913/220602.879:VERBOSE1:net\third_party\quiche\src\quiche\quic\core\tls_handshaker.cc:109] TlsClient: Continuing handshake
[7224:21816:0913/220602.879:VERBOSE1:net\third_party\quiche\src\quiche\quic\core\tls_handshaker.cc:109] TlsClient: Continuing handshake
[3596:10568:0913/220603.118:VERBOSE1:components\update_client\request_sender.cc:339] Request completed from url: https://update.googleapis.com/service/update2/json
[3596:21592:0913/220604.597:VERBOSE1:content\browser\renderer_host\media\media_stream_manager.cc:1544] MSPL::OnSpeedLimitChange({id=0EC03B5642ECE403008A596C055B90C3}, {new_limit=50})
[3596:10568:0913/220607.411:WARNING:chrome\browser\performance_manager\policies\page_discarding_helper.cc:158] Discarding multiple pages with target (kb): 0, discard_protected_tabs: 0
[3596:22492:0913/220609.617:VERBOSE1:components\update_client\background_downloader_win.cc:482] Starting BITS download for: http://edgedl.me.gvt1.com/edgedl/release2/chrome_component/almxfnyg25yhugusmtq6atp444_2026.8.3.1/kiabhabjdbkjdpjbpigfodbdjmbglcoo_2026.08.03.01_all_adu3xhpyqeasuy6q6ntx4mq5k2va.crx3
[3596:10568:0913/220612.419:WARNING:chrome\browser\performance_manager\policies\page_discarding_helper.cc:158] Discarding multiple pages with target (kb): 0, discard_protected_tabs: 0
[3596:10568:0913/220617.427:WARNING:chrome\browser\performance_manager\policies\page_discarding_helper.cc:158] Discarding multiple pages with target (kb): 0, discard_protected_tabs: 0
[3596:16164:0913/220617.681:VERBOSE1:components\update_client\unpacker.cc:88] Verifying component: C:\portfolio\folio\.chrome-debug\component_crx_cache\ae38058ef6659ce0b8058d3b8f7542f635910015fe40ccfc1e98d2464c383f32
[3596:16164:0913/220617.685:VERBOSE1:components\update_client\unpacker.cc:123] Unpacking in: C:\Users\HEETDA~1\AppData\Local\Temp\chrome_chrome_Unpacker_BeginUnzipping3596_1363246634
[16380:18464:0913/220617.831:VERBOSE1:base\allocator\scheduler_loop_quarantine_config.cc:195] No entry found for utility.unz..om.Unzipper/global.
[16380:18464:0913/220617.831:VERBOSE1:base\allocator\scheduler_loop_quarantine_config.cc:195] No entry found for utility.unzip.mojom.Unzipper/*.
[16380:18464:0913/220617.831:VERBOSE1:base\allocator\scheduler_loop_quarantine_config.cc:195] No entry found for utility.unzi..jom.Unzipper/main.
[3596:16164:0913/220617.864:VERBOSE1:components\component_updater\component_installer.cc:180] Install: version=2026.8.3.1 current version=0.0.0.0
[3596:16164:0913/220617.864:VERBOSE1:components\component_updater\component_installer.cc:199] unpack_path=C:\Users\HEETDA~1\AppData\Local\Temp\chrome_chrome_Unpacker_BeginUnzipping3596_1363246634 install_path=C:\portfolio\folio\.chrome-debug\TrustTokenKeyCommitments\2026.8.3.1
[3596:10568:0913/220617.868:VERBOSE1:components\component_updater\component_installer.cc:620] Component ready, version 2026.8.3.1 in C:\portfolio\folio\.chrome-debug\TrustTokenKeyCommitments\2026.8.3.1
[3596:10568:0913/220617.868:VERBOSE1:components\component_updater\installer_policies\trust_token_key_commitments_component_installer_policy.cc:109] Component ready, version 2026.8.3.1 in C:\portfolio\folio\.chrome-debug\TrustTokenKeyCommitments\2026.8.3.1
[3596:20512:0913/220617.869:VERBOSE1:components\component_updater\installer_policies\trust_token_key_commitments_component_installer_policy.cc:46] Reading trust token key commitments from file: C:\portfolio\folio\.chrome-debug\TrustTokenKeyCommitments\2026.8.3.1\keys.json
[7224:21816:0913/220617.870:VERBOSE1:net\base\network_delegate.cc:38] NetworkDelegate::NotifyBeforeURLRequest: https://update.googleapis.com/service/update2/json
[7224:21816:0913/220617.874:VERBOSE1:services\network\trust_tokens\trust_token_key_commitment_parser.cc:231] Successfully parsed 7 issuers' Trust Tokens key commitments.
[3596:10568:0913/220618.183:VERBOSE1:components\update_client\request_sender.cc:339] Request completed from url: https://update.googleapis.com/service/update2/json
[3596:10568:0913/220622.432:WARNING:chrome\browser\performance_manager\policies\page_discarding_helper.cc:158] Discarding multiple pages with target (kb): 0, discard_protected_tabs: 0
[3596:10568:0913/220627.438:WARNING:chrome\browser\performance_manager\policies\page_discarding_helper.cc:158] Discarding multiple pages with target (kb): 0, discard_protected_tabs: 0
[3596:10568:0913/220632.455:WARNING:chrome\browser\performance_manager\policies\page_discarding_helper.cc:158] Discarding multiple pages with target (kb): 0, discard_protected_tabs: 0
[3596:20512:0913/220632.966:VERBOSE1:components\update_client\background_downloader_win.cc:482] Starting BITS download for: http://edgedl.me.gvt1.com/edgedl/diffgen-puffin/ninodabcejpeglfjbkhdplaoglpcbffj/6cf9752019fad8001af0f731114d5ad857ad081ab57545ad47542fa285530273
[17312:21652:0913/220637.146:VERBOSE1:base\allocator\scheduler_loop_quarantine_config.cc:195] No entry found for utility.unz..om.Unzipper/global.
[17312:21652:0913/220637.147:VERBOSE1:base\allocator\scheduler_loop_quarantine_config.cc:195] No entry found for utility.unzip.mojom.Unzipper/*.
[17312:21652:0913/220637.149:VERBOSE1:base\allocator\scheduler_loop_quarantine_config.cc:195] No entry found for utility.unzi..jom.Unzipper/main.
[3596:16164:0913/220637.217:VERBOSE1:components\update_client\unpacker.cc:88] Verifying component: C:\portfolio\folio\.chrome-debug\component_crx_cache\4448b37acb13eb51a842a8ebc85ea826729571c7293f2213d855d3a76cb9a4f8
[3596:16164:0913/220637.241:VERBOSE1:components\update_client\unpacker.cc:123] Unpacking in: C:\Users\HEETDA~1\AppData\Local\Temp\chrome_chrome_Unpacker_BeginUnzipping3596_1293275944
[22684:18772:0913/220637.310:VERBOSE1:base\allocator\scheduler_loop_quarantine_config.cc:195] No entry found for utility.unz..om.Unzipper/global.
[22684:18772:0913/220637.310:VERBOSE1:base\allocator\scheduler_loop_quarantine_config.cc:195] No entry found for utility.unzip.mojom.Unzipper/*.
[22684:18772:0913/220637.310:VERBOSE1:base\allocator\scheduler_loop_quarantine_config.cc:195] No entry found for utility.unzi..jom.Unzipper/main.
[3596:16164:0913/220637.363:VERBOSE1:components\component_updater\component_installer.cc:180] Install: version=9.5220.3721 current version=0.0.0.0
[3596:16164:0913/220637.364:VERBOSE1:components\component_updater\component_installer.cc:199] unpack_path=C:\Users\HEETDA~1\AppData\Local\Temp\chrome_chrome_Unpacker_BeginUnzipping3596_1293275944 install_path=C:\portfolio\folio\.chrome-debug\ActorSafetyLists\9.5220.3721
[3596:10568:0913/220637.367:VERBOSE1:components\component_updater\component_installer.cc:620] Component ready, version 9.5220.3721 in C:\portfolio\folio\.chrome-debug\ActorSafetyLists\9.5220.3721
[3596:10568:0913/220637.367:VERBOSE1:components\component_updater\installer_policies\actor_safety_lists_component_installer.cc:99] Actor Safety Lists ready, version 9.5220.3721 in C:\portfolio\folio\.chrome-debug\ActorSafetyLists\9.5220.3721
[7224:21816:0913/220637.368:VERBOSE1:net\base\network_delegate.cc:38] NetworkDelegate::NotifyBeforeURLRequest: https://update.googleapis.com/service/update2/json
[3596:20512:0913/220637.378:VERBOSE1:components\component_updater\installer_policies\actor_safety_lists_component_installer.cc:47] Reading Actor Safety Lists data from file: C:\portfolio\folio\.chrome-debug\ActorSafetyLists\9.5220.3721\listdata.json
[3596:10568:0913/220637.696:VERBOSE1:components\update_client\request_sender.cc:339] Request completed from url: https://update.googleapis.com/service/update2/json
[3596:21592:0913/220642.099:VERBOSE1:content\browser\renderer_host\media\media_stream_manager.cc:1544] MSPL::OnSpeedLimitChange({id=0EC03B5642ECE403008A596C055B90C3}, {new_limit=52})
[3596:10568:0913/220643.485:ERROR:services\on_device_model\public\cpp\service_client.cc:37] Unexpected on_device_model service disconnect; reason: 0, description: 
[3596:10568:0913/220647.499:WARNING:chrome\browser\performance_manager\policies\page_discarding_helper.cc:158] Discarding multiple pages with target (kb): 0, discard_protected_tabs: 0
[3596:21592:0913/220648.168:VERBOSE1:content\browser\renderer_host\media\media_stream_manager.cc:1544] MSPL::OnSpeedLimitChange({id=0EC03B5642ECE403008A596C055B90C3}, {new_limit=53})
[3596:21592:0913/220652.206:VERBOSE1:content\browser\renderer_host\media\media_stream_manager.cc:1544] MSPL::OnSpeedLimitChange({id=0EC03B5642ECE403008A596C055B90C3}, {new_limit=51})
[3596:10568:0913/220657.522:WARNING:chrome\browser\performance_manager\policies\page_discarding_helper.cc:158] Discarding multiple pages with target (kb): 0, discard_protected_tabs: 0
[3596:20512:0913/220658.211:VERBOSE1:components\update_client\background_downloader_win.cc:482] Starting BITS download for: http://edgedl.me.gvt1.com/edgedl/release2/chrome_component/V3P1l2hLvLw_7/7_all_sslErrorAssistant.crx3
[3596:21592:0913/220658.264:VERBOSE1:content\browser\renderer_host\media\media_stream_manager.cc:1544] MSPL::OnSpeedLimitChange({id=0EC03B5642ECE403008A596C055B90C3}, {new_limit=50})
[7224:21816:0913/220700.698:VERBOSE1:net\base\network_delegate.cc:38] NetworkDelegate::NotifyBeforeURLRequest: https://android.clients.google.com/c2dm/register3
[7224:21816:0913/220700.782:VERBOSE1:net\third_party\quiche\src\quiche\quic\core\tls_handshaker.cc:109] TlsClient: Continuing handshake
[7224:21816:0913/220700.861:VERBOSE1:net\third_party\quiche\src\quiche\quic\core\tls_handshaker.cc:109] TlsClient: Continuing handshake
[7224:21816:0913/220700.861:VERBOSE1:net\third_party\quiche\src\quiche\quic\core\tls_handshaker.cc:109] TlsClient: Continuing handshake
[7224:21816:0913/220700.862:VERBOSE1:net\third_party\quiche\src\quiche\quic\core\tls_handshaker.cc:109] TlsClient: Continuing handshake
[7224:21816:0913/220700.863:VERBOSE1:net\third_party\quiche\src\quiche\quic\core\tls_handshaker.cc:109] TlsClient: Continuing handshake
[7224:21816:0913/220701.060:VERBOSE1:components\domain_reliability\scheduler.cc:123] Starting upload to collector 0.
[7224:21816:0913/220701.060:VERBOSE1:net\base\network_delegate.cc:38] NetworkDelegate::NotifyBeforeURLRequest: https://beacons.gcp.gvt2.com/domainreliability/upload
[7224:21816:0913/220701.061:VERBOSE1:components\domain_reliability\scheduler.cc:123] Starting upload to collector 0.
[7224:21816:0913/220701.061:VERBOSE1:net\base\network_delegate.cc:38] NetworkDelegate::NotifyBeforeURLRequest: https://beacons.gcp.gvt2.com/domainreliability/upload
[3596:21592:0913/220701.063:ERROR:google_apis\gcm\engine\registration_request.cc:291] Registration response error message: DEPRECATED_ENDPOINT
[3596:21592:0913/220701.063:VERBOSE1:google_apis\gcm\engine\registration_request.cc:256] Delaying GCM registration of app: com.google.android.gms, for 185887 milliseconds.
[7224:21816:0913/220701.191:VERBOSE1:net\third_party\quiche\src\quiche\quic\core\tls_handshaker.cc:109] TlsClient: Continuing handshake
[7224:21816:0913/220701.295:VERBOSE1:net\third_party\quiche\src\quiche\quic\core\tls_handshaker.cc:109] TlsClient: Continuing handshake
[7224:21816:0913/220701.295:VERBOSE1:net\third_party\quiche\src\quiche\quic\core\tls_handshaker.cc:109] TlsClient: Continuing handshake
[7224:21816:0913/220701.394:VERBOSE1:net\third_party\quiche\src\quiche\quic\core\tls_handshaker.cc:109] TlsClient: Continuing handshake
[7224:21816:0913/220701.394:VERBOSE1:net\third_party\quiche\src\quiche\quic\core\tls_handshaker.cc:109] TlsClient: Continuing handshake
[7224:21816:0913/220701.410:VERBOSE1:net\third_party\quiche\src\quiche\quic\core\tls_handshaker.cc:109] TlsClient: Continuing handshake
[7224:21816:0913/220701.561:VERBOSE1:components\domain_reliability\scheduler.cc:134] Upload to collector 0 succeeded.
[3596:16164:0913/220702.273:VERBOSE1:components\update_client\unpacker.cc:88] Verifying component: C:\portfolio\folio\.chrome-debug\component_crx_cache\3eb16d6c28b502ac4cfee8f4a148df05f4d93229fa36a71db8b08d06329ff18a
[3596:16164:0913/220702.277:VERBOSE1:components\update_client\unpacker.cc:123] Unpacking in: C:\Users\HEETDA~1\AppData\Local\Temp\chrome_chrome_Unpacker_BeginUnzipping3596_1906063811
[23536:22768:0913/220702.382:VERBOSE1:base\allocator\scheduler_loop_quarantine_config.cc:195] No entry found for utility.unz..om.Unzipper/global.
[23536:22768:0913/220702.382:VERBOSE1:base\allocator\scheduler_loop_quarantine_config.cc:195] No entry found for utility.unzip.mojom.Unzipper/*.
[23536:22768:0913/220702.382:VERBOSE1:base\allocator\scheduler_loop_quarantine_config.cc:195] No entry found for utility.unzi..jom.Unzipper/main.
[7224:21816:0913/220702.392:VERBOSE1:components\domain_reliability\scheduler.cc:134] Upload to collector 0 succeeded.
[7224:21816:0913/220702.393:VERBOSE1:components\domain_reliability\scheduler.cc:184] Scheduling upload for between 60 and 300 seconds from now.
[3596:16164:0913/220702.428:VERBOSE1:components\component_updater\component_installer.cc:180] Install: version=7 current version=0.0.0.0
[3596:16164:0913/220702.429:VERBOSE1:components\component_updater\component_installer.cc:199] unpack_path=C:\Users\HEETDA~1\AppData\Local\Temp\chrome_chrome_Unpacker_BeginUnzipping3596_1906063811 install_path=C:\portfolio\folio\.chrome-debug\SSLErrorAssistant\7
[3596:10568:0913/220702.432:VERBOSE1:components\component_updater\component_installer.cc:620] Component ready, version 7 in C:\portfolio\folio\.chrome-debug\SSLErrorAssistant\7
[7224:21816:0913/220702.433:VERBOSE1:net\base\network_delegate.cc:38] NetworkDelegate::NotifyBeforeURLRequest: https://update.googleapis.com/service/update2/json
[3596:10568:0913/220702.740:VERBOSE1:components\update_client\request_sender.cc:339] Request completed from url: https://update.googleapis.com/service/update2/json
[7224:21816:0913/220724.725:VERBOSE1:net\base\network_delegate.cc:38] NetworkDelegate::NotifyBeforeURLRequest: https://safebrowsing.googleapis.com/v4/threatListUpdates:fetch?$req=Ch0KDGdvb2dsZWNocm9tZRINMTUyLjAuNzk3Ny44NBoMCAUQASIEIAEgAigBGgwIEBABIgQgASACKAEaDAgBEAEiBCABIAIoARoMCAMQASIEIAEgAigBGgwIDhABIgQgASACKAEaDAgHEAEiBCABIAIoARoMCAEQCCIEIAEgAigEGgwIDxABIgQgASACKAEaDAgJEAEiBCABIAIoARoMCAgQASIEIAEgAigBGgwIDRABIgQgASACKAEiAggB&$ct=application/x-protobuf&key=AIzaSyA2KlwBX3mkFo30om9LUFYQhpqLoa_BNhE
[3596:10568:0913/220727.572:WARNING:chrome\browser\performance_manager\policies\page_discarding_helper.cc:158] Discarding multiple pages with target (kb): 0, discard_protected_tabs: 0
[3596:20512:0913/220727.677:VERBOSE1:components\update_client\background_downloader_win.cc:482] Starting BITS download for: http://edgedl.me.gvt1.com/edgedl/diffgen-puffin/khaoiebndkojlmppeemjhbpbandiljpe/a7feea3d942d9ac2d13b52f209d6f69b54e33a0fccaca658156ecb566a54b1aa
[1608:23544:0913/220738.660:VERBOSE1:base\allocator\scheduler_loop_quarantine_config.cc:195] No entry found for utility.unz..om.Unzipper/global.
[1608:23544:0913/220738.660:VERBOSE1:base\allocator\scheduler_loop_quarantine_config.cc:195] No entry found for utility.unzip.mojom.Unzipper/*.
[1608:23544:0913/220738.660:VERBOSE1:base\allocator\scheduler_loop_quarantine_config.cc:195] No entry found for utility.unzi..jom.Unzipper/main.
[3596:16164:0913/220738.990:VERBOSE1:components\update_client\unpacker.cc:88] Verifying component: C:\portfolio\folio\.chrome-debug\component_crx_cache\261bea60d22ebca3a95ce335c03ec751a0b58b2b7bdbd6ea51dfa54381b07775
[3596:16164:0913/220738.992:VERBOSE1:components\update_client\unpacker.cc:123] Unpacking in: C:\Users\HEETDA~1\AppData\Local\Temp\chrome_chrome_Unpacker_BeginUnzipping3596_1891607120
[9300:23536:0913/220739.064:VERBOSE1:base\allocator\scheduler_loop_quarantine_config.cc:195] No entry found for utility.unz..om.Unzipper/global.
[9300:23536:0913/220739.065:VERBOSE1:base\allocator\scheduler_loop_quarantine_config.cc:195] No entry found for utility.unzip.mojom.Unzipper/*.
[9300:23536:0913/220739.067:VERBOSE1:base\allocator\scheduler_loop_quarantine_config.cc:195] No entry found for utility.unzi..jom.Unzipper/main.
[3596:16164:0913/220739.160:VERBOSE1:components\component_updater\component_installer.cc:180] Install: version=145.0.7584.0 current version=0.0.0.0
[3596:16164:0913/220739.160:VERBOSE1:components\component_updater\component_installer.cc:199] unpack_path=C:\Users\HEETDA~1\AppData\Local\Temp\chrome_chrome_Unpacker_BeginUnzipping3596_1891607120 install_path=C:\portfolio\folio\.chrome-debug\FileTypePolicies\145.0.7584.0
[3596:10568:0913/220739.172:VERBOSE1:components\component_updater\component_installer.cc:620] Component ready, version 145.0.7584.0 in C:\portfolio\folio\.chrome-debug\FileTypePolicies\145.0.7584.0
[3596:10568:0913/220739.172:VERBOSE1:chrome\browser\component_updater\file_type_policies_component_installer.cc:88] Component ready, version 145.0.7584.0 in C:\portfolio\folio\.chrome-debug\FileTypePolicies\145.0.7584.0
[3596:20512:0913/220739.173:VERBOSE1:chrome\browser\component_updater\file_type_policies_component_installer.cc:43] Reading Download File Types from file: C:\portfolio\folio\.chrome-debug\FileTypePolicies\145.0.7584.0\download_file_types.pb
[7224:21816:0913/220739.174:VERBOSE1:net\base\network_delegate.cc:38] NetworkDelegate::NotifyBeforeURLRequest: https://update.googleapis.com/service/update2/json
[7224:21816:0913/220739.222:VERBOSE1:net\third_party\quiche\src\quiche\quic\core\tls_handshaker.cc:109] TlsClient: Continuing handshake
[7224:21816:0913/220739.298:VERBOSE1:net\third_party\quiche\src\quiche\quic\core\tls_handshaker.cc:109] TlsClient: Continuing handshake
[7224:21816:0913/220739.302:VERBOSE1:net\third_party\quiche\src\quiche\quic\core\tls_handshaker.cc:109] TlsClient: Continuing handshake
[7224:21816:0913/220739.302:VERBOSE1:net\third_party\quiche\src\quiche\quic\core\tls_handshaker.cc:109] TlsClient: Continuing handshake
[7224:21816:0913/220739.302:VERBOSE1:net\third_party\quiche\src\quiche\quic\core\tls_handshaker.cc:109] TlsClient: Continuing handshake
[3596:10568:0913/220739.596:VERBOSE1:components\update_client\request_sender.cc:339] Request completed from url: https://update.googleapis.com/service/update2/json
[3596:21592:0913/220753.868:VERBOSE1:content\browser\renderer_host\media\media_stream_manager.cc:1544] MSPL::OnSpeedLimitChange({id=0EC03B5642ECE403008A596C055B90C3}, {new_limit=52})
[3596:21592:0913/220754.873:VERBOSE1:content\browser\renderer_host\media\media_stream_manager.cc:1544] MSPL::OnSpeedLimitChange({id=0EC03B5642ECE403008A596C055B90C3}, {new_limit=53})
[3596:21592:0913/220803.945:VERBOSE1:content\browser\renderer_host\media\media_stream_manager.cc:1544] MSPL::OnSpeedLimitChange({id=0EC03B5642ECE403008A596C055B90C3}, {new_limit=51})
[3596:21592:0913/220804.959:VERBOSE1:content\browser\renderer_host\media\media_stream_manager.cc:1544] MSPL::OnSpeedLimitChange({id=0EC03B5642ECE403008A596C055B90C3}, {new_limit=50})
[3596:20512:0913/220816.085:VERBOSE1:components\update_client\background_downloader_win.cc:482] Starting BITS download for: http://edgedl.me.gvt1.com/edgedl/release2/chrome_component/acm2a7m2pxygxblb7ooritdbky4a_10774/hfnkpimlhhgieaddgfemjhofmfblmnib_10774_all_adnva6k6gi376ntor34ygaanh7ia.crx3
[3596:21592:0913/220820.140:VERBOSE1:content\browser\renderer_host\media\media_stream_manager.cc:1544] MSPL::OnSpeedLimitChange({id=0EC03B5642ECE403008A596C055B90C3}, {new_limit=51})
[3596:16164:0913/220820.143:VERBOSE1:components\update_client\unpacker.cc:88] Verifying component: C:\portfolio\folio\.chrome-debug\component_crx_cache\e159355053d538e622f5056c0063200f6be7726451783e694718d9420167ead9
[3596:16164:0913/220820.157:VERBOSE1:components\update_client\unpacker.cc:123] Unpacking in: C:\Users\HEETDA~1\AppData\Local\Temp\chrome_chrome_Unpacker_BeginUnzipping3596_1577357343
[10156:19448:0913/220820.240:VERBOSE1:base\allocator\scheduler_loop_quarantine_config.cc:195] No entry found for utility.unz..om.Unzipper/global.
[10156:19448:0913/220820.240:VERBOSE1:base\allocator\scheduler_loop_quarantine_config.cc:195] No entry found for utility.unzip.mojom.Unzipper/*.
[10156:19448:0913/220820.241:VERBOSE1:base\allocator\scheduler_loop_quarantine_config.cc:195] No entry found for utility.unzi..jom.Unzipper/main.
[3596:16164:0913/220820.286:VERBOSE1:components\component_updater\component_installer.cc:180] Install: version=10774 current version=0.0.0.0
[3596:16164:0913/220820.286:VERBOSE1:components\component_updater\component_installer.cc:199] unpack_path=C:\Users\HEETDA~1\AppData\Local\Temp\chrome_chrome_Unpacker_BeginUnzipping3596_1577357343 install_path=C:\portfolio\folio\.chrome-debug\CertificateRevocation\10774
[3596:10568:0913/220820.290:VERBOSE1:components\component_updater\component_installer.cc:620] Component ready, version 10774 in C:\portfolio\folio\.chrome-debug\CertificateRevocation\10774
[7224:21816:0913/220820.291:VERBOSE1:net\base\network_delegate.cc:38] NetworkDelegate::NotifyBeforeURLRequest: https://update.googleapis.com/service/update2/json
[7224:21816:0913/220820.293:VERBOSE1:net\third_party\quiche\src\quiche\quic\core\tls_handshaker.cc:109] TlsClient: Continuing handshake
[7224:21816:0913/220820.295:VERBOSE1:net\third_party\quiche\src\quiche\quic\core\tls_handshaker.cc:130] TlsClient: SSL_do_handshake returned when entering early data. After retry, rv=-1, SSL_in_early_data=1
[7224:21816:0913/220820.392:VERBOSE1:net\third_party\quiche\src\quiche\quic\core\tls_handshaker.cc:109] TlsClient: Continuing handshake
[7224:21816:0913/220820.393:VERBOSE1:net\third_party\quiche\src\quiche\quic\core\tls_handshaker.cc:109] TlsClient: Continuing handshake
[3596:10568:0913/220820.852:VERBOSE1:components\update_client\request_sender.cc:339] Request completed from url: https://update.googleapis.com/service/update2/json
[3596:21592:0913/220824.183:VERBOSE1:content\browser\renderer_host\media\media_stream_manager.cc:1544] MSPL::OnSpeedLimitChange({id=0EC03B5642ECE403008A596C055B90C3}, {new_limit=52})
[3596:21592:0913/220830.258:VERBOSE1:content\browser\renderer_host\media\media_stream_manager.cc:1544] MSPL::OnSpeedLimitChange({id=0EC03B5642ECE403008A596C055B90C3}, {new_limit=51})
[3596:21592:0913/220834.302:VERBOSE1:content\browser\renderer_host\media\media_stream_manager.cc:1544] MSPL::OnSpeedLimitChange({id=0EC03B5642ECE403008A596C055B90C3}, {new_limit=50})
[3596:20512:0913/220901.607:VERBOSE1:components\update_client\background_downloader_win.cc:482] Starting BITS download for: http://edgedl.me.gvt1.com/edgedl/release2/chrome_component/acu3qnbrxuddi4uzrnure6dlxwla_1773/efniojlnjndmcbiieegkicadnoecjjef_1773_all_ack4r35cyulrrvhdmt37cubasekq.crx3
[3596:16164:0913/220905.641:VERBOSE1:components\update_client\unpacker.cc:88] Verifying component: C:\portfolio\folio\.chrome-debug\component_crx_cache\aa4f79237d2882a165d4f6aa610779443951c2bb9eba66f9f7d11d5a19f7ca74
[3596:16164:0913/220905.652:VERBOSE1:components\update_client\unpacker.cc:123] Unpacking in: C:\Users\HEETDA~1\AppData\Local\Temp\chrome_chrome_Unpacker_BeginUnzipping3596_252064403
[16652:22756:0913/220905.763:VERBOSE1:base\allocator\scheduler_loop_quarantine_config.cc:195] No entry found for utility.unz..om.Unzipper/global.
[16652:22756:0913/220905.763:VERBOSE1:base\allocator\scheduler_loop_quarantine_config.cc:195] No entry found for utility.unzip.mojom.Unzipper/*.
[16652:22756:0913/220905.764:VERBOSE1:base\allocator\scheduler_loop_quarantine_config.cc:195] No entry found for utility.unzi..jom.Unzipper/main.
[3596:16164:0913/220905.800:VERBOSE1:components\component_updater\component_installer.cc:180] Install: version=1773 current version=0.0.0.0
[3596:16164:0913/220905.800:VERBOSE1:components\component_updater\component_installer.cc:199] unpack_path=C:\Users\HEETDA~1\AppData\Local\Temp\chrome_chrome_Unpacker_BeginUnzipping3596_252064403 install_path=C:\portfolio\folio\.chrome-debug\PKIMetadata\1773
[3596:10568:0913/220905.804:VERBOSE1:components\component_updater\component_installer.cc:620] Component ready, version 1773 in C:\portfolio\folio\.chrome-debug\PKIMetadata\1773
[7224:21816:0913/220905.805:VERBOSE1:net\base\network_delegate.cc:38] NetworkDelegate::NotifyBeforeURLRequest: https://update.googleapis.com/service/update2/json
[7224:21816:0913/220905.883:VERBOSE1:net\third_party\quiche\src\quiche\quic\core\tls_handshaker.cc:109] TlsClient: Continuing handshake
[7224:21816:0913/220905.886:VERBOSE1:net\third_party\quiche\src\quiche\quic\core\tls_handshaker.cc:109] TlsClient: Continuing handshake
[7224:21816:0913/220905.887:VERBOSE1:net\third_party\quiche\src\quiche\quic\core\tls_handshaker.cc:130] TlsClient: SSL_do_handshake returned when entering early data. After retry, rv=-1, SSL_in_early_data=1
[7224:21816:0913/220905.966:VERBOSE1:net\third_party\quiche\src\quiche\quic\core\tls_handshaker.cc:109] TlsClient: Continuing handshake
[7224:21816:0913/220905.967:VERBOSE1:net\third_party\quiche\src\quiche\quic\core\tls_handshaker.cc:109] TlsClient: Continuing handshake
[3596:10568:0913/220906.305:VERBOSE1:components\update_client\request_sender.cc:339] Request completed from url: https://update.googleapis.com/service/update2/json
[3596:20512:0913/220906.352:VERBOSE1:components\update_client\background_downloader_win.cc:482] Starting BITS download for: http://edgedl.me.gvt1.com/edgedl/diffgen-puffin/jflookgnkcckhobaglndicnbbgbonegd/ac83a0cacf04394ae254e3785259fd7a4c5dcbb00b71d2f3f3d9e88597a28951
[17880:18636:0913/220910.483:VERBOSE1:base\allocator\scheduler_loop_quarantine_config.cc:195] No entry found for utility.unz..om.Unzipper/global.
[17880:18636:0913/220910.483:VERBOSE1:base\allocator\scheduler_loop_quarantine_config.cc:195] No entry found for utility.unzip.mojom.Unzipper/*.
[17880:18636:0913/220910.485:VERBOSE1:base\allocator\scheduler_loop_quarantine_config.cc:195] No entry found for utility.unzi..jom.Unzipper/main.
[3596:16164:0913/220910.517:VERBOSE1:components\update_client\unpacker.cc:88] Verifying component: C:\portfolio\folio\.chrome-debug\component_crx_cache\9bec6c2c0185d3305ac8495047a1aa01e725d58f8f18d219742a2988f07cd93a
[3596:16164:0913/220910.519:VERBOSE1:components\update_client\unpacker.cc:123] Unpacking in: C:\Users\HEETDA~1\AppData\Local\Temp\chrome_chrome_Unpacker_BeginUnzipping3596_1490583476
[9768:16868:0913/220910.606:VERBOSE1:base\allocator\scheduler_loop_quarantine_config.cc:195] No entry found for utility.unz..om.Unzipper/global.
[9768:16868:0913/220910.606:VERBOSE1:base\allocator\scheduler_loop_quarantine_config.cc:195] No entry found for utility.unzip.mojom.Unzipper/*.
[9768:16868:0913/220910.606:VERBOSE1:base\allocator\scheduler_loop_quarantine_config.cc:195] No entry found for utility.unzi..jom.Unzipper/main.
[3596:16164:0913/220910.637:VERBOSE1:components\component_updater\component_installer.cc:180] Install: version=3091 current version=0.0.0.0
[3596:16164:0913/220910.637:VERBOSE1:components\component_updater\component_installer.cc:199] unpack_path=C:\Users\HEETDA~1\AppData\Local\Temp\chrome_chrome_Unpacker_BeginUnzipping3596_1490583476 install_path=C:\portfolio\folio\.chrome-debug\SafetyTips\3091
[3596:10568:0913/220910.641:VERBOSE1:components\component_updater\component_installer.cc:620] Component ready, version 3091 in C:\portfolio\folio\.chrome-debug\SafetyTips\3091
[7224:21816:0913/220910.641:VERBOSE1:net\base\network_delegate.cc:38] NetworkDelegate::NotifyBeforeURLRequest: https://update.googleapis.com/service/update2/json
[3596:10568:0913/220910.985:VERBOSE1:components\update_client\request_sender.cc:339] Request completed from url: https://update.googleapis.com/service/update2/json
[3596:20512:0913/220915.358:VERBOSE1:components\update_client\background_downloader_win.cc:482] Starting BITS download for: http://edgedl.me.gvt1.com/edgedl/release2/chrome_component/ac55zopqc7vere3bm2pinwvz3d6q_4/hajigopbbjhghbfimgkfmpenfkclmohk_4_all_gjbna5ieot3u4sywv4o74naely.crx3
[3596:21592:0913/220917.754:VERBOSE1:content\browser\renderer_host\media\media_stream_manager.cc:1544] MSPL::OnSpeedLimitChange({id=0EC03B5642ECE403008A596C055B90C3}, {new_limit=51})
[3596:16164:0913/220919.407:VERBOSE1:components\update_client\unpacker.cc:88] Verifying component: C:\portfolio\folio\.chrome-debug\component_crx_cache\abd93867c038d4d17c101ace2226d7e21303d984d7097271392bae6be478495b
[3596:16164:0913/220919.411:VERBOSE1:components\update_client\unpacker.cc:123] Unpacking in: C:\Users\HEETDA~1\AppData\Local\Temp\chrome_chrome_Unpacker_BeginUnzipping3596_2033457410
[10516:8500:0913/220919.485:VERBOSE1:base\allocator\scheduler_loop_quarantine_config.cc:195] No entry found for utility.unz..om.Unzipper/global.
[10516:8500:0913/220919.485:VERBOSE1:base\allocator\scheduler_loop_quarantine_config.cc:195] No entry found for utility.unzip.mojom.Unzipper/*.
[10516:8500:0913/220919.486:VERBOSE1:base\allocator\scheduler_loop_quarantine_config.cc:195] No entry found for utility.unzi..jom.Unzipper/main.
[3596:22108:0913/220919.513:VERBOSE1:components\component_updater\component_installer.cc:180] Install: version=4 current version=0.0.0.0
[3596:22108:0913/220919.513:VERBOSE1:components\component_updater\component_installer.cc:199] unpack_path=C:\Users\HEETDA~1\AppData\Local\Temp\chrome_chrome_Unpacker_BeginUnzipping3596_2033457410 install_path=C:\portfolio\folio\.chrome-debug\AmountExtractionHeuristicRegexes\4
[3596:10568:0913/220919.517:VERBOSE1:components\component_updater\component_installer.cc:620] Component ready, version 4 in C:\portfolio\folio\.chrome-debug\AmountExtractionHeuristicRegexes\4
[7224:21816:0913/220919.518:VERBOSE1:net\base\network_delegate.cc:38] NetworkDelegate::NotifyBeforeURLRequest: https://update.googleapis.com/service/update2/json
[3596:10568:0913/220920.257:VERBOSE1:components\update_client\request_sender.cc:339] Request completed from url: https://update.googleapis.com/service/update2/json
[3596:21592:0913/220927.897:VERBOSE1:content\browser\renderer_host\media\media_stream_manager.cc:1544] MSPL::OnSpeedLimitChange({id=0EC03B5642ECE403008A596C055B90C3}, {new_limit=50})
[3596:20512:0913/220928.887:VERBOSE1:components\update_client\background_downloader_win.cc:482] Starting BITS download for: http://edgedl.me.gvt1.com/edgedl/diffgen-puffin/ggkkehgbnfjpeggfpleeakpidbkibbmn/57dd1b4bdaf7352362555db059d60f7988e188d102fe7b3fd04a2b3b9fb47018
[21960:23424:0913/220933.029:VERBOSE1:base\allocator\scheduler_loop_quarantine_config.cc:195] No entry found for utility.unz..om.Unzipper/global.
[21960:23424:0913/220933.029:VERBOSE1:base\allocator\scheduler_loop_quarantine_config.cc:195] No entry found for utility.unzip.mojom.Unzipper/*.
[21960:23424:0913/220933.029:VERBOSE1:base\allocator\scheduler_loop_quarantine_config.cc:195] No entry found for utility.unzi..jom.Unzipper/main.
[3596:16164:0913/220933.062:VERBOSE1:components\update_client\unpacker.cc:88] Verifying component: C:\portfolio\folio\.chrome-debug\component_crx_cache\367e627912f13a1f84c782d6c3df805488c4551fdee7e7da4e3b8f968c8b25ef
[3596:16164:0913/220933.066:VERBOSE1:components\update_client\unpacker.cc:123] Unpacking in: C:\Users\HEETDA~1\AppData\Local\Temp\chrome_chrome_Unpacker_BeginUnzipping3596_663310865
[6244:5748:0913/220933.131:VERBOSE1:base\allocator\scheduler_loop_quarantine_config.cc:195] No entry found for utility.unz..om.Unzipper/global.
[6244:5748:0913/220933.131:VERBOSE1:base\allocator\scheduler_loop_quarantine_config.cc:195] No entry found for utility.unzip.mojom.Unzipper/*.
[6244:5748:0913/220933.133:VERBOSE1:base\allocator\scheduler_loop_quarantine_config.cc:195] No entry found for utility.unzi..jom.Unzipper/main.
[3596:16164:0913/220933.164:VERBOSE1:components\component_updater\component_installer.cc:180] Install: version=2026.9.10.80 current version=0.0.0.0
[3596:16164:0913/220933.164:VERBOSE1:components\component_updater\component_installer.cc:199] unpack_path=C:\Users\HEETDA~1\AppData\Local\Temp\chrome_chrome_Unpacker_BeginUnzipping3596_663310865 install_path=C:\portfolio\folio\.chrome-debug\Crowd Deny\2026.9.10.80
[3596:10568:0913/220933.167:VERBOSE1:components\component_updater\component_installer.cc:620] Component ready, version 2026.9.10.80 in C:\portfolio\folio\.chrome-debug\Crowd Deny\2026.9.10.80
[7224:21816:0913/220933.167:VERBOSE1:net\base\network_delegate.cc:38] NetworkDelegate::NotifyBeforeURLRequest: https://update.googleapis.com/service/update2/json
[3596:10568:0913/220933.618:VERBOSE1:components\update_client\request_sender.cc:339] Request completed from url: https://update.googleapis.com/service/update2/json
[3596:21592:0913/220943.095:VERBOSE1:content\browser\renderer_host\media\media_stream_manager.cc:1544] MSPL::OnSpeedLimitChange({id=0EC03B5642ECE403008A596C055B90C3}, {new_limit=51})
[3596:21592:0913/220944.103:VERBOSE1:content\browser\renderer_host\media\media_stream_manager.cc:1544] MSPL::OnSpeedLimitChange({id=0EC03B5642ECE403008A596C055B90C3}, {new_limit=52})
[3596:21592:0913/220946.119:VERBOSE1:content\browser\renderer_host\media\media_stream_manager.cc:1544] MSPL::OnSpeedLimitChange({id=0EC03B5642ECE403008A596C055B90C3}, {new_limit=55})
[3596:20512:0913/220946.618:VERBOSE1:components\update_client\background_downloader_win.cc:482] Starting BITS download for: http://edgedl.me.gvt1.com/edgedl/diffgen-puffin/bjbcblmdcnggnibecjikpoljcgkbgphl/e228efac107970c51d6ad3e68494abc76e854034f21f74ca0a58e2b632fd1f17
[3596:21592:0913/220948.145:VERBOSE1:content\browser\renderer_host\media\media_stream_manager.cc:1544] MSPL::OnSpeedLimitChange({id=0EC03B5642ECE403008A596C055B90C3}, {new_limit=56})
[3596:21592:0913/220950.177:VERBOSE1:content\browser\renderer_host\media\media_stream_manager.cc:1544] MSPL::OnSpeedLimitChange({id=0EC03B5642ECE403008A596C055B90C3}, {new_limit=57})
[3596:21592:0913/220953.231:VERBOSE1:content\browser\renderer_host\media\media_stream_manager.cc:1544] MSPL::OnSpeedLimitChange({id=0EC03B5642ECE403008A596C055B90C3}, {new_limit=56})
[3596:21592:0913/220954.246:VERBOSE1:content\browser\renderer_host\media\media_stream_manager.cc:1544] MSPL::OnSpeedLimitChange({id=0EC03B5642ECE403008A596C055B90C3}, {new_limit=55})
[3596:21592:0913/220956.280:VERBOSE1:content\browser\renderer_host\media\media_stream_manager.cc:1544] MSPL::OnSpeedLimitChange({id=0EC03B5642ECE403008A596C055B90C3}, {new_limit=52})
[3596:21592:0913/220958.310:VERBOSE1:content\browser\renderer_host\media\media_stream_manager.cc:1544] MSPL::OnSpeedLimitChange({id=0EC03B5642ECE403008A596C055B90C3}, {new_limit=51})
[16884:19448:0913/220959.026:VERBOSE1:base\allocator\scheduler_loop_quarantine_config.cc:195] No entry found for utility.unz..om.Unzipper/global.
[16884:19448:0913/220959.026:VERBOSE1:base\allocator\scheduler_loop_quarantine_config.cc:195] No entry found for utility.unzip.mojom.Unzipper/*.
[16884:19448:0913/220959.027:VERBOSE1:base\allocator\scheduler_loop_quarantine_config.cc:195] No entry found for utility.unzi..jom.Unzipper/main.
[3596:16164:0913/220959.745:VERBOSE1:components\update_client\unpacker.cc:88] Verifying component: C:\portfolio\folio\.chrome-debug\component_crx_cache\485187ce78b5eaa19aaba6cb088a3d8ef80fafe00f5068fa71a7989775436e2e
[3596:16164:0913/221000.035:VERBOSE1:components\update_client\unpacker.cc:123] Unpacking in: C:\Users\HEETDA~1\AppData\Local\Temp\chrome_chrome_Unpacker_BeginUnzipping3596_1894165811
[12068:7124:0913/221000.143:VERBOSE1:base\allocator\scheduler_loop_quarantine_config.cc:195] No entry found for utility.unz..om.Unzipper/global.
[12068:7124:0913/221000.143:VERBOSE1:base\allocator\scheduler_loop_quarantine_config.cc:195] No entry found for utility.unzip.mojom.Unzipper/*.
[12068:7124:0913/221000.145:VERBOSE1:base\allocator\scheduler_loop_quarantine_config.cc:195] No entry found for utility.unzi..jom.Unzipper/main.
[3596:21592:0913/221000.342:VERBOSE1:content\browser\renderer_host\media\media_stream_manager.cc:1544] MSPL::OnSpeedLimitChange({id=0EC03B5642ECE403008A596C055B90C3}, {new_limit=50})
[3596:16164:0913/221000.345:VERBOSE1:components\component_updater\component_installer.cc:180] Install: version=20260826.1 current version=0.0.0.0
[3596:16164:0913/221000.345:VERBOSE1:components\component_updater\component_installer.cc:199] unpack_path=C:\Users\HEETDA~1\AppData\Local\Temp\chrome_chrome_Unpacker_BeginUnzipping3596_1894165811 install_path=C:\portfolio\folio\.chrome-debug\WasmTtsEngine\20260826.1
[3596:10568:0913/221000.357:VERBOSE1:components\component_updater\component_installer.cc:620] Component ready, version 20260826.1 in C:\portfolio\folio\.chrome-debug\WasmTtsEngine\20260826.1
[3596:10568:0913/221000.357:VERBOSE1:chrome\browser\component_updater\wasm_tts_engine_component_installer.cc:141] Component ready, version 20260826.1 in C:\portfolio\folio\.chrome-debug\WasmTtsEngine\20260826.1
[7224:21816:0913/221000.359:VERBOSE1:net\base\network_delegate.cc:38] NetworkDelegate::NotifyBeforeURLRequest: https://update.googleapis.com/service/update2/json
[3596:10568:0913/221000.703:VERBOSE1:components\update_client\request_sender.cc:339] Request completed from url: https://update.googleapis.com/service/update2/json
[7224:21816:0913/221006.954:VERBOSE1:net\base\network_delegate.cc:38] NetworkDelegate::NotifyBeforeURLRequest: https://android.clients.google.com/c2dm/register3
[7224:21816:0913/221007.039:VERBOSE1:net\third_party\quiche\src\quiche\quic\core\tls_handshaker.cc:109] TlsClient: Continuing handshake
[7224:21816:0913/221007.204:VERBOSE1:net\third_party\quiche\src\quiche\quic\core\tls_handshaker.cc:109] TlsClient: Continuing handshake
[3596:21592:0913/221007.527:ERROR:google_apis\gcm\engine\registration_request.cc:291] Registration response error message: DEPRECATED_ENDPOINT
[3596:21592:0913/221007.527:VERBOSE1:google_apis\gcm\engine\registration_request.cc:256] Delaying GCM registration of app: com.google.android.gms, for 366349 milliseconds.
[7224:21816:0913/221007.527:VERBOSE1:components\domain_reliability\scheduler.cc:123] Starting upload to collector 0.
[7224:21816:0913/221007.528:VERBOSE1:net\base\network_delegate.cc:38] NetworkDelegate::NotifyBeforeURLRequest: https://beacons.gcp.gvt2.com/domainreliability/upload
[7224:21816:0913/221007.568:VERBOSE1:net\third_party\quiche\src\quiche\quic\core\tls_handshaker.cc:109] TlsClient: Continuing handshake
[7224:21816:0913/221007.649:VERBOSE1:net\third_party\quiche\src\quiche\quic\core\tls_handshaker.cc:109] TlsClient: Continuing handshake
[7224:21816:0913/221007.649:VERBOSE1:net\third_party\quiche\src\quiche\quic\core\tls_handshaker.cc:109] TlsClient: Continuing handshake
[7224:21816:0913/221007.651:VERBOSE1:net\third_party\quiche\src\quiche\quic\core\tls_handshaker.cc:109] TlsClient: Continuing handshake
[7224:21816:0913/221007.651:VERBOSE1:net\third_party\quiche\src\quiche\quic\core\tls_handshaker.cc:109] TlsClient: Continuing handshake
[7224:21816:0913/221007.653:VERBOSE1:net\third_party\quiche\src\quiche\quic\core\tls_handshaker.cc:109] TlsClient: Continuing handshake
[7224:21816:0913/221007.811:VERBOSE1:components\domain_reliability\scheduler.cc:134] Upload to collector 0 succeeded.
[7224:21816:0913/221010.617:VERBOSE1:net\third_party\quiche\src\quiche\quic\core\tls_handshaker.cc:109] TlsClient: Continuing handshake
[7224:21816:0913/221010.624:VERBOSE1:net\third_party\quiche\src\quiche\quic\core\tls_handshaker.cc:109] TlsClient: Continuing handshake
[7224:21816:0913/221010.624:VERBOSE1:net\third_party\quiche\src\quiche\quic\core\tls_handshaker.cc:109] TlsClient: Continuing handshake
[7224:21816:0913/221010.624:VERBOSE1:net\third_party\quiche\src\quiche\quic\core\tls_handshaker.cc:109] TlsClient: Continuing handshake
[7224:21816:0913/221010.626:VERBOSE1:net\third_party\quiche\src\quiche\quic\core\tls_handshaker.cc:109] TlsClient: Continuing handshake
[3596:21592:0913/221014.480:VERBOSE1:content\browser\renderer_host\media\media_stream_manager.cc:1544] MSPL::OnSpeedLimitChange({id=0EC03B5642ECE403008A596C055B90C3}, {new_limit=51})
[3596:21592:0913/221015.483:VERBOSE1:content\browser\renderer_host\media\media_stream_manager.cc:1544] MSPL::OnSpeedLimitChange({id=0EC03B5642ECE403008A596C055B90C3}, {new_limit=53})
[3596:21592:0913/221018.494:VERBOSE1:content\browser\renderer_host\media\media_stream_manager.cc:1544] MSPL::OnSpeedLimitChange({id=0EC03B5642ECE403008A596C055B90C3}, {new_limit=55})
[3596:21592:0913/221021.515:VERBOSE1:content\browser\renderer_host\media\media_stream_manager.cc:1544] MSPL::OnSpeedLimitChange({id=0EC03B5642ECE403008A596C055B90C3}, {new_limit=57})
[3596:21592:0913/221025.563:VERBOSE1:content\browser\renderer_host\media\media_stream_manager.cc:1544] MSPL::OnSpeedLimitChange({id=0EC03B5642ECE403008A596C055B90C3}, {new_limit=55})
[3596:20512:0913/221027.511:VERBOSE1:components\update_client\background_downloader_win.cc:482] Starting BITS download for: http://edgedl.me.gvt1.com/edgedl/release2/chrome_component/j2hxfei2occ5siitujtlwgp6xi_3/ojhpjlocmbogdgmfpkhlaaeamibhnphh_3_all_gplutbkdljxxbjolk3siq7kive.crx3
[3596:21592:0913/221028.582:VERBOSE1:content\browser\renderer_host\media\media_stream_manager.cc:1544] MSPL::OnSpeedLimitChange({id=0EC03B5642ECE403008A596C055B90C3}, {new_limit=53})
[3596:16164:0913/221031.537:VERBOSE1:components\update_client\unpacker.cc:88] Verifying component: C:\portfolio\folio\.chrome-debug\component_crx_cache\545666a4efd056351597bb386aea1368105ededc976ed5650d8682daab9f37ff
[3596:16164:0913/221031.545:VERBOSE1:components\update_client\unpacker.cc:123] Unpacking in: C:\Users\HEETDA~1\AppData\Local\Temp\chrome_chrome_Unpacker_BeginUnzipping3596_889139503
[3596:21592:0913/221031.609:VERBOSE1:content\browser\renderer_host\media\media_stream_manager.cc:1544] MSPL::OnSpeedLimitChange({id=0EC03B5642ECE403008A596C055B90C3}, {new_limit=51})
[10280:15708:0913/221031.639:VERBOSE1:base\allocator\scheduler_loop_quarantine_config.cc:195] No entry found for utility.unz..om.Unzipper/global.
[10280:15708:0913/221031.640:VERBOSE1:base\allocator\scheduler_loop_quarantine_config.cc:195] No entry found for utility.unzip.mojom.Unzipper/*.
[10280:15708:0913/221031.643:VERBOSE1:base\allocator\scheduler_loop_quarantine_config.cc:195] No entry found for utility.unzi..jom.Unzipper/main.
[3596:16164:0913/221031.713:VERBOSE1:components\component_updater\component_installer.cc:180] Install: version=3 current version=0.0.0.0
[3596:16164:0913/221031.713:VERBOSE1:components\component_updater\component_installer.cc:199] unpack_path=C:\Users\HEETDA~1\AppData\Local\Temp\chrome_chrome_Unpacker_BeginUnzipping3596_889139503 install_path=C:\portfolio\folio\.chrome-debug\ZxcvbnData\3
[3596:10568:0913/221031.718:VERBOSE1:components\component_updater\component_installer.cc:620] Component ready, version 3 in C:\portfolio\folio\.chrome-debug\ZxcvbnData\3
[7224:21816:0913/221031.718:VERBOSE1:net\base\network_delegate.cc:38] NetworkDelegate::NotifyBeforeURLRequest: https://update.googleapis.com/service/update2/json
[7224:21816:0913/221031.819:VERBOSE1:net\third_party\quiche\src\quiche\quic\core\tls_handshaker.cc:109] TlsClient: Continuing handshake
[7224:21816:0913/221031.822:VERBOSE1:net\third_party\quiche\src\quiche\quic\core\tls_handshaker.cc:130] TlsClient: SSL_do_handshake returned when entering early data. After retry, rv=-1, SSL_in_early_data=1
[7224:21816:0913/221031.894:VERBOSE1:net\third_party\quiche\src\quiche\quic\core\tls_handshaker.cc:109] TlsClient: Continuing handshake
[7224:21816:0913/221031.895:VERBOSE1:net\third_party\quiche\src\quiche\quic\core\tls_handshaker.cc:109] TlsClient: Continuing handshake
[3596:10568:0913/221032.243:VERBOSE1:components\update_client\request_sender.cc:339] Request completed from url: https://update.googleapis.com/service/update2/json
[3596:21592:0913/221034.626:VERBOSE1:content\browser\renderer_host\media\media_stream_manager.cc:1544] MSPL::OnSpeedLimitChange({id=0EC03B5642ECE403008A596C055B90C3}, {new_limit=50})
[3596:21592:0913/221035.641:VERBOSE1:content\browser\renderer_host\media\media_stream_manager.cc:1544] MSPL::OnSpeedLimitChange({id=0EC03B5642ECE403008A596C055B90C3}, {new_limit=51})
[3596:21592:0913/221040.701:VERBOSE1:content\browser\renderer_host\media\media_stream_manager.cc:1544] MSPL::OnSpeedLimitChange({id=0EC03B5642ECE403008A596C055B90C3}, {new_limit=52})
[3596:21592:0913/221045.738:VERBOSE1:content\browser\renderer_host\media\media_stream_manager.cc:1544] MSPL::OnSpeedLimitChange({id=0EC03B5642ECE403008A596C055B90C3}, {new_limit=51})
[3596:21592:0913/221050.792:VERBOSE1:content\browser\renderer_host\media\media_stream_manager.cc:1544] MSPL::OnSpeedLimitChange({id=0EC03B5642ECE403008A596C055B90C3}, {new_limit=50})
[3596:21592:0913/221052.807:VERBOSE1:content\browser\renderer_host\media\media_stream_manager.cc:1544] MSPL::OnSpeedLimitChange({id=0EC03B5642ECE403008A596C055B90C3}, {new_limit=51})
[3596:21592:0913/221056.843:VERBOSE1:content\browser\renderer_host\media\media_stream_manager.cc:1544] MSPL::OnSpeedLimitChange({id=0EC03B5642ECE403008A596C055B90C3}, {new_limit=52})
[3596:20512:0913/221103.292:VERBOSE1:components\update_client\background_downloader_win.cc:482] Starting BITS download for: http://edgedl.me.gvt1.com/edgedl/release2/chrome_component/acrx7ouhu6es4mtakecyfqbyef2q_1.1.0.3/laoigpblnllgcgjnjnllmfolckpjlhki_1.1.0.3_all_adwgvw4jdcarox4vlsm7t4gq257a.crx3
[3596:21592:0913/221106.937:VERBOSE1:content\browser\renderer_host\media\media_stream_manager.cc:1544] MSPL::OnSpeedLimitChange({id=0EC03B5642ECE403008A596C055B90C3}, {new_limit=51})
[3596:16164:0913/221107.366:VERBOSE1:components\update_client\unpacker.cc:88] Verifying component: C:\portfolio\folio\.chrome-debug\component_crx_cache\7b05c14dba04ed522210b733f004cb0e74d7679a653b19bd029f9bc0e6b19903
[3596:16164:0913/221107.371:VERBOSE1:components\update_client\unpacker.cc:123] Unpacking in: C:\Users\HEETDA~1\AppData\Local\Temp\chrome_chrome_Unpacker_BeginUnzipping3596_133444516
[18788:23460:0913/221107.450:VERBOSE1:base\allocator\scheduler_loop_quarantine_config.cc:195] No entry found for utility.unz..om.Unzipper/global.
[18788:23460:0913/221107.451:VERBOSE1:base\allocator\scheduler_loop_quarantine_config.cc:195] No entry found for utility.unzip.mojom.Unzipper/*.
[18788:23460:0913/221107.452:VERBOSE1:base\allocator\scheduler_loop_quarantine_config.cc:195] No entry found for utility.unzi..jom.Unzipper/main.
[3596:16164:0913/221107.475:VERBOSE1:components\component_updater\component_installer.cc:180] Install: version=1.1.0.3 current version=1.0.7.1652906823
[3596:16164:0913/221107.475:VERBOSE1:components\component_updater\component_installer.cc:199] unpack_path=C:\Users\HEETDA~1\AppData\Local\Temp\chrome_chrome_Unpacker_BeginUnzipping3596_133444516 install_path=C:\portfolio\folio\.chrome-debug\MEIPreload\1.1.0.3
[3596:10568:0913/221107.478:VERBOSE1:components\component_updater\component_installer.cc:620] Component ready, version 1.1.0.3 in C:\portfolio\folio\.chrome-debug\MEIPreload\1.1.0.3
[7224:21816:0913/221107.478:VERBOSE1:net\base\network_delegate.cc:38] NetworkDelegate::NotifyBeforeURLRequest: https://update.googleapis.com/service/update2/json
[7224:21816:0913/221107.480:VERBOSE1:net\third_party\quiche\src\quiche\quic\core\tls_handshaker.cc:109] TlsClient: Continuing handshake
[7224:21816:0913/221107.481:VERBOSE1:net\third_party\quiche\src\quiche\quic\core\tls_handshaker.cc:130] TlsClient: SSL_do_handshake returned when entering early data. After retry, rv=-1, SSL_in_early_data=1
[7224:21816:0913/221107.579:VERBOSE1:net\third_party\quiche\src\quiche\quic\core\tls_handshaker.cc:109] TlsClient: Continuing handshake
[7224:21816:0913/221107.579:VERBOSE1:net\third_party\quiche\src\quiche\quic\core\tls_handshaker.cc:109] TlsClient: Continuing handshake
[3596:10568:0913/221107.905:VERBOSE1:components\update_client\request_sender.cc:339] Request completed from url: https://update.googleapis.com/service/update2/json
[3596:21592:0913/221110.996:VERBOSE1:content\browser\renderer_host\media\media_stream_manager.cc:1544] MSPL::OnSpeedLimitChange({id=0EC03B5642ECE403008A596C055B90C3}, {new_limit=52})
[3596:21592:0913/221112.010:VERBOSE1:content\browser\renderer_host\media\media_stream_manager.cc:1544] MSPL::OnSpeedLimitChange({id=0EC03B5642ECE403008A596C055B90C3}, {new_limit=55})
[3596:21592:0913/221113.016:VERBOSE1:content\browser\renderer_host\media\media_stream_manager.cc:1544] MSPL::OnSpeedLimitChange({id=0EC03B5642ECE403008A596C055B90C3}, {new_limit=53})
[3596:21592:0913/221121.079:VERBOSE1:content\browser\renderer_host\media\media_stream_manager.cc:1544] MSPL::OnSpeedLimitChange({id=0EC03B5642ECE403008A596C055B90C3}, {new_limit=52})
[3596:21592:0913/221122.082:VERBOSE1:content\browser\renderer_host\media\media_stream_manager.cc:1544] MSPL::OnSpeedLimitChange({id=0EC03B5642ECE403008A596C055B90C3}, {new_limit=50})
[3596:21592:0913/221123.099:VERBOSE1:content\browser\renderer_host\media\media_stream_manager.cc:1544] MSPL::OnSpeedLimitChange({id=0EC03B5642ECE403008A596C055B90C3}, {new_limit=51})
[3596:21592:0913/221124.113:VERBOSE1:content\browser\renderer_host\media\media_stream_manager.cc:1544] MSPL::OnSpeedLimitChange({id=0EC03B5642ECE403008A596C055B90C3}, {new_limit=52})
[3596:21592:0913/221125.115:VERBOSE1:content\browser\renderer_host\media\media_stream_manager.cc:1544] MSPL::OnSpeedLimitChange({id=0EC03B5642ECE403008A596C055B90C3}, {new_limit=53})
[3596:21592:0913/221128.159:VERBOSE1:content\browser\renderer_host\media\media_stream_manager.cc:1544] MSPL::OnSpeedLimitChange({id=0EC03B5642ECE403008A596C055B90C3}, {new_limit=56})
[3596:21592:0913/221129.173:VERBOSE1:content\browser\renderer_host\media\media_stream_manager.cc:1544] MSPL::OnSpeedLimitChange({id=0EC03B5642ECE403008A596C055B90C3}, {new_limit=58})
[3596:21592:0913/221133.201:VERBOSE1:content\browser\renderer_host\media\media_stream_manager.cc:1544] MSPL::OnSpeedLimitChange({id=0EC03B5642ECE403008A596C055B90C3}, {new_limit=57})
[3596:21592:0913/221134.202:VERBOSE1:content\browser\renderer_host\media\media_stream_manager.cc:1544] MSPL::OnSpeedLimitChange({id=0EC03B5642ECE403008A596C055B90C3}, {new_limit=56})
[3596:21592:0913/221135.207:VERBOSE1:content\browser\renderer_host\media\media_stream_manager.cc:1544] MSPL::OnSpeedLimitChange({id=0EC03B5642ECE403008A596C055B90C3}, {new_limit=55})
[3596:21592:0913/221137.228:VERBOSE1:content\browser\renderer_host\media\media_stream_manager.cc:1544] MSPL::OnSpeedLimitChange({id=0EC03B5642ECE403008A596C055B90C3}, {new_limit=56})
[3596:21592:0913/221138.243:VERBOSE1:content\browser\renderer_host\media\media_stream_manager.cc:1544] MSPL::OnSpeedLimitChange({id=0EC03B5642ECE403008A596C055B90C3}, {new_limit=53})
[3596:21592:0913/221139.259:VERBOSE1:content\browser\renderer_host\media\media_stream_manager.cc:1544] MSPL::OnSpeedLimitChange({id=0EC03B5642ECE403008A596C055B90C3}, {new_limit=51})
[3596:20512:0913/221143.178:VERBOSE1:components\update_client\background_downloader_win.cc:482] Starting BITS download for: http://edgedl.me.gvt1.com/edgedl/release2/chrome_component/l5vix5qkshcvl7bpliorcru2xm_8.5419.4434/pficcddpglkpaaihklmahepgjmefdnom_8.5419.4434_all_hi3zzp46veqwuwjivvcwsbhcne.crx3
[3596:16164:0913/221147.203:VERBOSE1:components\update_client\unpacker.cc:88] Verifying component: C:\portfolio\folio\.chrome-debug\component_crx_cache\ae216724654f3e52d3c502328caf83f773e66cc5818c38850165864005a35169
[3596:16164:0913/221147.206:VERBOSE1:components\update_client\unpacker.cc:123] Unpacking in: C:\Users\HEETDA~1\AppData\Local\Temp\chrome_chrome_Unpacker_BeginUnzipping3596_1252115236
[11544:20400:0913/221147.279:VERBOSE1:base\allocator\scheduler_loop_quarantine_config.cc:195] No entry found for utility.unz..om.Unzipper/global.
[11544:20400:0913/221147.279:VERBOSE1:base\allocator\scheduler_loop_quarantine_config.cc:195] No entry found for utility.unzip.mojom.Unzipper/*.
[11544:20400:0913/221147.280:VERBOSE1:base\allocator\scheduler_loop_quarantine_config.cc:195] No entry found for utility.unzi..jom.Unzipper/main.
[3596:16164:0913/221147.306:VERBOSE1:components\component_updater\component_installer.cc:180] Install: version=8.5419.4434 current version=0.0.0.0
[3596:16164:0913/221147.306:VERBOSE1:components\component_updater\component_installer.cc:199] unpack_path=C:\Users\HEETDA~1\AppData\Local\Temp\chrome_chrome_Unpacker_BeginUnzipping3596_1252115236 install_path=C:\portfolio\folio\.chrome-debug\CaptchaProviders\8.5419.4434
[3596:10568:0913/221147.309:VERBOSE1:components\component_updater\component_installer.cc:620] Component ready, version 8.5419.4434 in C:\portfolio\folio\.chrome-debug\CaptchaProviders\8.5419.4434
[3596:10568:0913/221147.309:VERBOSE1:chrome\browser\component_updater\captcha_provider_component_installer.cc:96] Captcha Providers Component ready, version 8.5419.4434 in C:\portfolio\folio\.chrome-debug\CaptchaProviders\8.5419.4434
[3596:16164:0913/221147.309:VERBOSE1:chrome\browser\component_updater\captcha_provider_component_installer.cc:49] Reading Captcha Providers from file: C:\portfolio\folio\.chrome-debug\CaptchaProviders\8.5419.4434\captcha_providers.json
[3596:10568:0913/221147.310:VERBOSE1:chrome\browser\component_updater\captcha_provider_component_installer.cc:144] Received Captcha Providers.
[7224:21816:0913/221147.311:VERBOSE1:net\base\network_delegate.cc:38] NetworkDelegate::NotifyBeforeURLRequest: https://update.googleapis.com/service/update2/json
[3596:21592:0913/221147.320:VERBOSE1:content\browser\renderer_host\media\media_stream_manager.cc:1544] MSPL::OnSpeedLimitChange({id=0EC03B5642ECE403008A596C055B90C3}, {new_limit=50})
[7224:21816:0913/221147.405:VERBOSE1:net\third_party\quiche\src\quiche\quic\core\tls_handshaker.cc:109] TlsClient: Continuing handshake
[7224:21816:0913/221147.406:VERBOSE1:net\third_party\quiche\src\quiche\quic\core\tls_handshaker.cc:130] TlsClient: SSL_do_handshake returned when entering early data. After retry, rv=-1, SSL_in_early_data=1
[7224:21816:0913/221147.492:VERBOSE1:net\third_party\quiche\src\quiche\quic\core\tls_handshaker.cc:109] TlsClient: Continuing handshake
[7224:21816:0913/221147.493:VERBOSE1:net\third_party\quiche\src\quiche\quic\core\tls_handshaker.cc:109] TlsClient: Continuing handshake
[3596:10568:0913/221147.814:VERBOSE1:components\update_client\request_sender.cc:339] Request completed from url: https://update.googleapis.com/service/update2/json
[3596:21592:0913/221155.396:VERBOSE1:content\browser\renderer_host\media\media_stream_manager.cc:1544] MSPL::OnSpeedLimitChange({id=0EC03B5642ECE403008A596C055B90C3}, {new_limit=51})
[3596:21592:0913/221205.496:VERBOSE1:content\browser\renderer_host\media\media_stream_manager.cc:1544] MSPL::OnSpeedLimitChange({id=0EC03B5642ECE403008A596C055B90C3}, {new_limit=50})
[3596:20512:0913/221227.426:VERBOSE1:components\update_client\background_downloader_win.cc:482] Starting BITS download for: http://edgedl.me.gvt1.com/edgedl/release2/chrome_component/acaldksiunzh56452py2db5mnbpa_120.0.6050.0/jamhcnnkihinmdlkakkaopbjbbcngflc_120.0.6050.0_all_dgzfpknn7v3zslsbhrwu6bt44e.crx3
[3596:16164:0913/221231.459:VERBOSE1:components\update_client\unpacker.cc:88] Verifying component: C:\portfolio\folio\.chrome-debug\component_crx_cache\c52c62a7c50daf7d3f73ec16977cd4b0ea401710807d5dbe3850941dd1b73a70
[3596:16164:0913/221231.477:VERBOSE1:components\update_client\unpacker.cc:123] Unpacking in: C:\Users\HEETDA~1\AppData\Local\Temp\chrome_chrome_Unpacker_BeginUnzipping3596_122751926
[12124:22060:0913/221231.588:VERBOSE1:base\allocator\scheduler_loop_quarantine_config.cc:195] No entry found for utility.unz..om.Unzipper/global.
[12124:22060:0913/221231.588:VERBOSE1:base\allocator\scheduler_loop_quarantine_config.cc:195] No entry found for utility.unzip.mojom.Unzipper/*.
[12124:22060:0913/221231.588:VERBOSE1:base\allocator\scheduler_loop_quarantine_config.cc:195] No entry found for utility.unzi..jom.Unzipper/main.
[3596:22108:0913/221231.894:VERBOSE1:components\component_updater\component_installer.cc:180] Install: version=120.0.6050.0 current version=0.0.0.0
[3596:22108:0913/221231.894:VERBOSE1:components\component_updater\component_installer.cc:199] unpack_path=C:\Users\HEETDA~1\AppData\Local\Temp\chrome_chrome_Unpacker_BeginUnzipping3596_122751926 install_path=C:\portfolio\folio\.chrome-debug\hyphen-data\120.0.6050.0
[3596:10568:0913/221231.909:VERBOSE1:components\component_updater\component_installer.cc:620] Component ready, version 120.0.6050.0 in C:\portfolio\folio\.chrome-debug\hyphen-data\120.0.6050.0
[3596:10568:0913/221231.910:VERBOSE1:chrome\browser\component_updater\hyphenation_component_installer.cc:107] Hyphenation Component ready, version 120.0.6050.0 in C:\portfolio\folio\.chrome-debug\hyphen-data\120.0.6050.0
[7224:21816:0913/221231.910:VERBOSE1:net\base\network_delegate.cc:38] NetworkDelegate::NotifyBeforeURLRequest: https://update.googleapis.com/service/update2/json
[7224:21816:0913/221231.916:VERBOSE1:net\third_party\quiche\src\quiche\quic\core\tls_handshaker.cc:109] TlsClient: Continuing handshake
[7224:21816:0913/221231.919:VERBOSE1:net\third_party\quiche\src\quiche\quic\core\tls_handshaker.cc:130] TlsClient: SSL_do_handshake returned when entering early data. After retry, rv=-1, SSL_in_early_data=1
[7224:21816:0913/221232.052:VERBOSE1:net\third_party\quiche\src\quiche\quic\core\tls_handshaker.cc:109] TlsClient: Continuing handshake
[7224:21816:0913/221232.053:VERBOSE1:net\third_party\quiche\src\quiche\quic\core\tls_handshaker.cc:109] TlsClient: Continuing handshake
[3596:10568:0913/221232.391:VERBOSE1:components\update_client\request_sender.cc:339] Request completed from url: https://update.googleapis.com/service/update2/json
[3596:20512:0913/221317.073:VERBOSE1:components\update_client\background_downloader_win.cc:482] Starting BITS download for: http://edgedl.me.gvt1.com/edgedl/diffgen-puffin/obedbbhbpmojnkanicioggnmelmoomoc/e40bb820d29fb9a9bf8935fa5fbe77b363cf9c553cd0c1993bf0a9bec48686e4
[7224:21816:0913/221317.221:VERBOSE1:net\base\network_delegate.cc:38] NetworkDelegate::NotifyBeforeURLRequest: https://chromewebstore.googleapis.com/v2/items/-/storeMetadata:batchGet
[7224:21816:0913/221317.284:VERBOSE1:net\third_party\quiche\src\quiche\quic\core\tls_handshaker.cc:109] TlsClient: Continuing handshake
[7224:21816:0913/221317.355:VERBOSE1:net\third_party\quiche\src\quiche\quic\core\tls_handshaker.cc:109] TlsClient: Continuing handshake
[7224:21816:0913/221317.355:VERBOSE1:net\third_party\quiche\src\quiche\quic\core\tls_handshaker.cc:109] TlsClient: Continuing handshake
[7224:21816:0913/221317.356:VERBOSE1:net\third_party\quiche\src\quiche\quic\core\tls_handshaker.cc:109] TlsClient: Continuing handshake
[7224:21816:0913/221317.356:VERBOSE1:net\third_party\quiche\src\quiche\quic\core\tls_handshaker.cc:109] TlsClient: Continuing handshake
[7224:21816:0913/221317.358:VERBOSE1:net\third_party\quiche\src\quiche\quic\core\tls_handshaker.cc:109] TlsClient: Continuing handshake
[17832:12272:0913/221331.732:VERBOSE1:base\allocator\scheduler_loop_quarantine_config.cc:195] No entry found for utility.unz..om.Unzipper/global.
[17832:12272:0913/221331.732:VERBOSE1:base\allocator\scheduler_loop_quarantine_config.cc:195] No entry found for utility.unzip.mojom.Unzipper/*.
[17832:12272:0913/221331.732:VERBOSE1:base\allocator\scheduler_loop_quarantine_config.cc:195] No entry found for utility.unzi..jom.Unzipper/main.
[3596:16164:0913/221332.402:VERBOSE1:components\update_client\unpacker.cc:88] Verifying component: C:\portfolio\folio\.chrome-debug\component_crx_cache\23759e3f6d0119a00038b963cec9fb7abafd7b65a35a7e83c7697511db59e6e7
[3596:16164:0913/221332.483:VERBOSE1:components\update_client\unpacker.cc:123] Unpacking in: C:\Users\HEETDA~1\AppData\Local\Temp\chrome_chrome_Unpacker_BeginUnzipping3596_1696880625
[12168:22868:0913/221332.577:VERBOSE1:base\allocator\scheduler_loop_quarantine_config.cc:195] No entry found for utility.unz..om.Unzipper/global.
[12168:22868:0913/221332.577:VERBOSE1:base\allocator\scheduler_loop_quarantine_config.cc:195] No entry found for utility.unzip.mojom.Unzipper/*.
[12168:22868:0913/221332.578:VERBOSE1:base\allocator\scheduler_loop_quarantine_config.cc:195] No entry found for utility.unzi..jom.Unzipper/main.
[3596:16164:0913/221332.723:VERBOSE1:components\component_updater\component_installer.cc:180] Install: version=20251024.824731831.14 current version=0.0.0.0
[3596:16164:0913/221332.723:VERBOSE1:components\component_updater\component_installer.cc:199] unpack_path=C:\Users\HEETDA~1\AppData\Local\Temp\chrome_chrome_Unpacker_BeginUnzipping3596_1696880625 install_path=C:\portfolio\folio\.chrome-debug\OnDeviceHeadSuggestModel\20251024.824731831.14
[3596:16164:0913/221332.734:VERBOSE1:components\component_updater\installer_policies\on_device_head_suggest_component_installer.cc:83] On Device head model is successfully installed at directory: C:\portfolio\folio\.chrome-debug\OnDeviceHeadSuggestModel\20251024.824731831.14
[3596:10568:0913/221332.734:VERBOSE1:components\component_updater\component_installer.cc:620] Component ready, version 20251024.824731831.14 in C:\portfolio\folio\.chrome-debug\OnDeviceHeadSuggestModel\20251024.824731831.14
[7224:21816:0913/221332.735:VERBOSE1:net\base\network_delegate.cc:38] NetworkDelegate::NotifyBeforeURLRequest: https://update.googleapis.com/service/update2/json
[7224:21816:0913/221332.805:VERBOSE1:net\third_party\quiche\src\quiche\quic\core\tls_handshaker.cc:109] TlsClient: Continuing handshake
[7224:21816:0913/221332.806:VERBOSE1:net\third_party\quiche\src\quiche\quic\core\tls_handshaker.cc:130] TlsClient: SSL_do_handshake returned when entering early data. After retry, rv=-1, SSL_in_early_data=1
[7224:21816:0913/221332.880:VERBOSE1:net\third_party\quiche\src\quiche\quic\core\tls_handshaker.cc:109] TlsClient: Continuing handshake
[7224:21816:0913/221332.880:VERBOSE1:net\third_party\quiche\src\quiche\quic\core\tls_handshaker.cc:109] TlsClient: Continuing handshake
[3596:10568:0913/221333.200:VERBOSE1:components\update_client\request_sender.cc:339] Request completed from url: https://update.googleapis.com/service/update2/json
[3596:20512:0913/221433.648:VERBOSE1:components\update_client\background_downloader_win.cc:482] Starting BITS download for: http://edgedl.me.gvt1.com/edgedl/release2/chrome_component/af5e7gndpipvjfca7x3cj66vwm_2025.7.24.0/gonpemdgkjcecdgbnaabipppbmgfggbe_2025.07.24.00_all_hou4jz7zmeg5zedchpigdjxhve.crx3
[3596:16164:0913/221437.757:VERBOSE1:components\update_client\unpacker.cc:88] Verifying component: C:\portfolio\folio\.chrome-debug\component_crx_cache\56c21927faa028be6ce18c931660eec37e41da4bfbfd47cafa48350f828c0dbd
[3596:16164:0913/221437.760:VERBOSE1:components\update_client\unpacker.cc:123] Unpacking in: C:\Users\HEETDA~1\AppData\Local\Temp\chrome_chrome_Unpacker_BeginUnzipping3596_472299269
[20868:364:0913/221437.829:VERBOSE1:base\allocator\scheduler_loop_quarantine_config.cc:195] No entry found for utility.unz..om.Unzipper/global.
[20868:364:0913/221437.829:VERBOSE1:base\allocator\scheduler_loop_quarantine_config.cc:195] No entry found for utility.unzip.mojom.Unzipper/*.
[20868:364:0913/221437.830:VERBOSE1:base\allocator\scheduler_loop_quarantine_config.cc:195] No entry found for utility.unzi..jom.Unzipper/main.
[3596:16164:0913/221437.852:VERBOSE1:components\component_updater\component_installer.cc:180] Install: version=2025.7.24.0 current version=0.0.0.0
[3596:16164:0913/221437.852:VERBOSE1:components\component_updater\component_installer.cc:199] unpack_path=C:\Users\HEETDA~1\AppData\Local\Temp\chrome_chrome_Unpacker_BeginUnzipping3596_472299269 install_path=C:\portfolio\folio\.chrome-debug\FirstPartySetsPreloaded\2025.7.24.0
[3596:10568:0913/221437.859:VERBOSE1:components\component_updater\component_installer.cc:620] Component ready, version 2025.7.24.0 in C:\portfolio\folio\.chrome-debug\FirstPartySetsPreloaded\2025.7.24.0
[7224:21816:0913/221437.860:VERBOSE1:net\base\network_delegate.cc:38] NetworkDelegate::NotifyBeforeURLRequest: https://update.googleapis.com/service/update2/json
[7224:21816:0913/221437.926:VERBOSE1:net\third_party\quiche\src\quiche\quic\core\tls_handshaker.cc:109] TlsClient: Continuing handshake
[7224:21816:0913/221437.928:VERBOSE1:net\third_party\quiche\src\quiche\quic\core\tls_handshaker.cc:130] TlsClient: SSL_do_handshake returned when entering early data. After retry, rv=-1, SSL_in_early_data=1
[7224:21816:0913/221438.011:VERBOSE1:net\third_party\quiche\src\quiche\quic\core\tls_handshaker.cc:109] TlsClient: Continuing handshake
[7224:21816:0913/221438.012:VERBOSE1:net\third_party\quiche\src\quiche\quic\core\tls_handshaker.cc:109] TlsClient: Continuing handshake
[3596:10568:0913/221438.488:VERBOSE1:components\update_client\request_sender.cc:339] Request completed from url: https://update.googleapis.com/service/update2/json
[3596:10568:0913/221438.489:VERBOSE1:components\component_updater\component_updater_service.cc:507] Update completed with error 0
[3596:10568:0913/221442.273:VERBOSE1:components\signin\internal\identity_manager\mutable_profile_oauth2_token_service_delegate.cc:461] MutablePO2TS::RefreshTokenIsAvailable
[3596:10568:0913/221442.274:VERBOSE1:components\signin\internal\identity_manager\mutable_profile_oauth2_token_service_delegate.cc:461] MutablePO2TS::RefreshTokenIsAvailable
[3596:21592:0913/221448.357:VERBOSE1:content\browser\renderer_host\media\media_stream_manager.cc:1544] MSPL::OnSpeedLimitChange({id=0EC03B5642ECE403008A596C055B90C3}, {new_limit=51})
[3596:21592:0913/221451.387:VERBOSE1:content\browser\renderer_host\media\media_stream_manager.cc:1544] MSPL::OnSpeedLimitChange({id=0EC03B5642ECE403008A596C055B90C3}, {new_limit=52})
[3596:21592:0913/221458.445:VERBOSE1:content\browser\renderer_host\media\media_stream_manager.cc:1544] MSPL::OnSpeedLimitChange({id=0EC03B5642ECE403008A596C055B90C3}, {new_limit=51})
[3596:21592:0913/221501.465:VERBOSE1:content\browser\renderer_host\media\media_stream_manager.cc:1544] MSPL::OnSpeedLimitChange({id=0EC03B5642ECE403008A596C055B90C3}, {new_limit=50})
[3596:21592:0913/221508.540:VERBOSE1:content\browser\renderer_host\media\media_stream_manager.cc:1544] MSPL::OnSpeedLimitChange({id=0EC03B5642ECE403008A596C055B90C3}, {new_limit=51})
[3596:21592:0913/221512.573:VERBOSE1:content\browser\renderer_host\media\media_stream_manager.cc:1544] MSPL::OnSpeedLimitChange({id=0EC03B5642ECE403008A596C055B90C3}, {new_limit=52})
[3596:21592:0913/221518.638:VERBOSE1:content\browser\renderer_host\media\media_stream_manager.cc:1544] MSPL::OnSpeedLimitChange({id=0EC03B5642ECE403008A596C055B90C3}, {new_limit=51})
[3596:21592:0913/221522.664:VERBOSE1:content\browser\renderer_host\media\media_stream_manager.cc:1544] MSPL::OnSpeedLimitChange({id=0EC03B5642ECE403008A596C055B90C3}, {new_limit=50})
[3596:21592:0913/221527.703:VERBOSE1:content\browser\renderer_host\media\media_stream_manager.cc:1544] MSPL::OnSpeedLimitChange({id=0EC03B5642ECE403008A596C055B90C3}, {new_limit=51})
[3596:21592:0913/221537.838:VERBOSE1:content\browser\renderer_host\media\media_stream_manager.cc:1544] MSPL::OnSpeedLimitChange({id=0EC03B5642ECE403008A596C055B90C3}, {new_limit=50})
[3596:21592:0913/221601.087:VERBOSE1:content\browser\renderer_host\media\media_stream_manager.cc:1544] MSPL::OnSpeedLimitChange({id=0EC03B5642ECE403008A596C055B90C3}, {new_limit=51})
[3596:21592:0913/221602.089:VERBOSE1:content\browser\renderer_host\media\media_stream_manager.cc:1544] MSPL::OnSpeedLimitChange({id=0EC03B5642ECE403008A596C055B90C3}, {new_limit=52})
[3596:21592:0913/221603.107:VERBOSE1:content\browser\renderer_host\media\media_stream_manager.cc:1544] MSPL::OnSpeedLimitChange({id=0EC03B5642ECE403008A596C055B90C3}, {new_limit=53})
[3596:21592:0913/221604.119:VERBOSE1:content\browser\renderer_host\media\media_stream_manager.cc:1544] MSPL::OnSpeedLimitChange({id=0EC03B5642ECE403008A596C055B90C3}, {new_limit=55})
[3596:21592:0913/221605.120:VERBOSE1:content\browser\renderer_host\media\media_stream_manager.cc:1544] MSPL::OnSpeedLimitChange({id=0EC03B5642ECE403008A596C055B90C3}, {new_limit=56})
[3596:21592:0913/221611.177:VERBOSE1:content\browser\renderer_host\media\media_stream_manager.cc:1544] MSPL::OnSpeedLimitChange({id=0EC03B5642ECE403008A596C055B90C3}, {new_limit=55})
[3596:21592:0913/221612.190:VERBOSE1:content\browser\renderer_host\media\media_stream_manager.cc:1544] MSPL::OnSpeedLimitChange({id=0EC03B5642ECE403008A596C055B90C3}, {new_limit=53})
[3596:21592:0913/221613.202:VERBOSE1:content\browser\renderer_host\media\media_stream_manager.cc:1544] MSPL::OnSpeedLimitChange({id=0EC03B5642ECE403008A596C055B90C3}, {new_limit=52})
[7224:21816:0913/221613.881:VERBOSE1:net\base\network_delegate.cc:38] NetworkDelegate::NotifyBeforeURLRequest: https://android.clients.google.com/c2dm/register3
[7224:21816:0913/221614.001:VERBOSE1:net\third_party\quiche\src\quiche\quic\core\tls_handshaker.cc:109] TlsClient: Continuing handshake
[7224:21816:0913/221614.003:VERBOSE1:net\third_party\quiche\src\quiche\quic\core\tls_handshaker.cc:130] TlsClient: SSL_do_handshake returned when entering early data. After retry, rv=-1, SSL_in_early_data=1
[7224:21816:0913/221614.089:VERBOSE1:net\third_party\quiche\src\quiche\quic\core\tls_handshaker.cc:109] TlsClient: Continuing handshake
[7224:21816:0913/221614.091:VERBOSE1:net\third_party\quiche\src\quiche\quic\core\tls_handshaker.cc:109] TlsClient: Continuing handshake
[3596:21592:0913/221614.203:VERBOSE1:content\browser\renderer_host\media\media_stream_manager.cc:1544] MSPL::OnSpeedLimitChange({id=0EC03B5642ECE403008A596C055B90C3}, {new_limit=51})
[3596:21592:0913/221614.288:ERROR:google_apis\gcm\engine\registration_request.cc:291] Registration response error message: DEPRECATED_ENDPOINT
[3596:21592:0913/221615.205:VERBOSE1:content\browser\renderer_host\media\media_stream_manager.cc:1544] MSPL::OnSpeedLimitChange({id=0EC03B5642ECE403008A596C055B90C3}, {new_limit=50})
[3596:10568:0913/221842.232:VERBOSE1:components\signin\internal\identity_manager\mutable_profile_oauth2_token_service_delegate.cc:461] MutablePO2TS::RefreshTokenIsAvailable
[3596:10568:0913/221842.232:VERBOSE1:components\signin\internal\identity_manager\mutable_profile_oauth2_token_service_delegate.cc:461] MutablePO2TS::RefreshTokenIsAvailable
[3596:21592:0913/221955.753:VERBOSE1:content\browser\renderer_host\media\media_stream_manager.cc:1544] MSPL::OnSpeedLimitChange({id=0EC03B5642ECE403008A596C055B90C3}, {new_limit=51})
[3596:21592:0913/221956.755:VERBOSE1:content\browser\renderer_host\media\media_stream_manager.cc:1544] MSPL::OnSpeedLimitChange({id=0EC03B5642ECE403008A596C055B90C3}, {new_limit=52})
[3596:21592:0913/222005.856:VERBOSE1:content\browser\renderer_host\media\media_stream_manager.cc:1544] MSPL::OnSpeedLimitChange({id=0EC03B5642ECE403008A596C055B90C3}, {new_limit=51})
[3596:21592:0913/222006.876:VERBOSE1:content\browser\renderer_host\media\media_stream_manager.cc:1544] MSPL::OnSpeedLimitChange({id=0EC03B5642ECE403008A596C055B90C3}, {new_limit=50})
[3596:21592:0913/222036.185:VERBOSE1:content\browser\renderer_host\media\media_stream_manager.cc:1544] MSPL::OnSpeedLimitChange({id=0EC03B5642ECE403008A596C055B90C3}, {new_limit=51})
[3596:21592:0913/222046.292:VERBOSE1:content\browser\renderer_host\media\media_stream_manager.cc:1544] MSPL::OnSpeedLimitChange({id=0EC03B5642ECE403008A596C055B90C3}, {new_limit=50})
[3596:21592:0913/222056.415:VERBOSE1:content\browser\renderer_host\media\media_stream_manager.cc:1544] MSPL::OnSpeedLimitChange({id=0EC03B5642ECE403008A596C055B90C3}, {new_limit=51})
[3596:21592:0913/222059.431:VERBOSE1:content\browser\renderer_host\media\media_stream_manager.cc:1544] MSPL::OnSpeedLimitChange({id=0EC03B5642ECE403008A596C055B90C3}, {new_limit=52})
[3596:21592:0913/222106.484:VERBOSE1:content\browser\renderer_host\media\media_stream_manager.cc:1544] MSPL::OnSpeedLimitChange({id=0EC03B5642ECE403008A596C055B90C3}, {new_limit=51})
[3596:21592:0913/222109.508:VERBOSE1:content\browser\renderer_host\media\media_stream_manager.cc:1544] MSPL::OnSpeedLimitChange({id=0EC03B5642ECE403008A596C055B90C3}, {new_limit=50})
[3596:21592:0913/222119.641:VERBOSE1:content\browser\renderer_host\media\media_stream_manager.cc:1544] MSPL::OnSpeedLimitChange({id=0EC03B5642ECE403008A596C055B90C3}, {new_limit=52})
[3596:21592:0913/222123.688:VERBOSE1:content\browser\renderer_host\media\media_stream_manager.cc:1544] MSPL::OnSpeedLimitChange({id=0EC03B5642ECE403008A596C055B90C3}, {new_limit=53})
[3596:21592:0913/222129.739:VERBOSE1:content\browser\renderer_host\media\media_stream_manager.cc:1544] MSPL::OnSpeedLimitChange({id=0EC03B5642ECE403008A596C055B90C3}, {new_limit=51})
[3596:21592:0913/222133.782:VERBOSE1:content\browser\renderer_host\media\media_stream_manager.cc:1544] MSPL::OnSpeedLimitChange({id=0EC03B5642ECE403008A596C055B90C3}, {new_limit=52})
[3596:21592:0913/222138.845:VERBOSE1:content\browser\renderer_host\media\media_stream_manager.cc:1544] MSPL::OnSpeedLimitChange({id=0EC03B5642ECE403008A596C055B90C3}, {new_limit=53})
[3596:21592:0913/222143.898:VERBOSE1:content\browser\renderer_host\media\media_stream_manager.cc:1544] MSPL::OnSpeedLimitChange({id=0EC03B5642ECE403008A596C055B90C3}, {new_limit=51})
